jim2012Chords\Guitar_Only\a\a1.wav,a,0
jim2012Chords\Guitar_Only\a\a10.wav,a,0
jim2012Chords\Guitar_Only\a\a100.wav,a,0
jim2012Chords\Guitar_Only\a\a101.wav,a,0
jim2012Chords\Guitar_Only\a\a102.wav,a,0
jim2012Chords\Guitar_Only\a\a103.wav,a,0
jim2012Chords\Guitar_Only\a\a104.wav,a,0
jim2012Chords\Guitar_Only\a\a105.wav,a,0
jim2012Chords\Guitar_Only\a\a106.wav,a,0
jim2012Chords\Guitar_Only\a\a107.wav,a,0
jim2012Chords\Guitar_Only\a\a108.wav,a,0
jim2012Chords\Guitar_Only\a\a109.wav,a,0
jim2012Chords\Guitar_Only\a\a11.wav,a,0
jim2012Chords\Guitar_Only\a\a110.wav,a,0
jim2012Chords\Guitar_Only\a\a111.wav,a,0
jim2012Chords\Guitar_Only\a\a112.wav,a,0
jim2012Chords\Guitar_Only\a\a113.wav,a,0
jim2012Chords\Guitar_Only\a\a114.wav,a,0
jim2012Chords\Guitar_Only\a\a115.wav,a,0
jim2012Chords\Guitar_Only\a\a116.wav,a,0
jim2012Chords\Guitar_Only\a\a117.wav,a,0
jim2012Chords\Guitar_Only\a\a118.wav,a,0
jim2012Chords\Guitar_Only\a\a119.wav,a,0
jim2012Chords\Guitar_Only\a\a12.wav,a,0
jim2012Chords\Guitar_Only\a\a120.wav,a,0
jim2012Chords\Guitar_Only\a\a121.wav,a,0
jim2012Chords\Guitar_Only\a\a122.wav,a,0
jim2012Chords\Guitar_Only\a\a123.wav,a,0
jim2012Chords\Guitar_Only\a\a124.wav,a,0
jim2012Chords\Guitar_Only\a\a125.wav,a,0
jim2012Chords\Guitar_Only\a\a126.wav,a,0
jim2012Chords\Guitar_Only\a\a127.wav,a,0
jim2012Chords\Guitar_Only\a\a128.wav,a,0
jim2012Chords\Guitar_Only\a\a129.wav,a,0
jim2012Chords\Guitar_Only\a\a13.wav,a,0
jim2012Chords\Guitar_Only\a\a130.wav,a,0
jim2012Chords\Guitar_Only\a\a131.wav,a,0
jim2012Chords\Guitar_Only\a\a132.wav,a,0
jim2012Chords\Guitar_Only\a\a133.wav,a,0
jim2012Chords\Guitar_Only\a\a134.wav,a,0
jim2012Chords\Guitar_Only\a\a135.wav,a,0
jim2012Chords\Guitar_Only\a\a136.wav,a,0
jim2012Chords\Guitar_Only\a\a137.wav,a,0
jim2012Chords\Guitar_Only\a\a138.wav,a,0
jim2012Chords\Guitar_Only\a\a139.wav,a,0
jim2012Chords\Guitar_Only\a\a14.wav,a,0
jim2012Chords\Guitar_Only\a\a140.wav,a,0
jim2012Chords\Guitar_Only\a\a141.wav,a,0
jim2012Chords\Guitar_Only\a\a142.wav,a,0
jim2012Chords\Guitar_Only\a\a143.wav,a,0
jim2012Chords\Guitar_Only\a\a144.wav,a,0
jim2012Chords\Guitar_Only\a\a145.wav,a,0
jim2012Chords\Guitar_Only\a\a146.wav,a,0
jim2012Chords\Guitar_Only\a\a147.wav,a,0
jim2012Chords\Guitar_Only\a\a148.wav,a,0
jim2012Chords\Guitar_Only\a\a149.wav,a,0
jim2012Chords\Guitar_Only\a\a15.wav,a,0
jim2012Chords\Guitar_Only\a\a150.wav,a,0
jim2012Chords\Guitar_Only\a\a151.wav,a,0
jim2012Chords\Guitar_Only\a\a152.wav,a,0
jim2012Chords\Guitar_Only\a\a153.wav,a,0
jim2012Chords\Guitar_Only\a\a154.wav,a,0
jim2012Chords\Guitar_Only\a\a155.wav,a,0
jim2012Chords\Guitar_Only\a\a156.wav,a,0
jim2012Chords\Guitar_Only\a\a157.wav,a,0
jim2012Chords\Guitar_Only\a\a158.wav,a,0
jim2012Chords\Guitar_Only\a\a159.wav,a,0
jim2012Chords\Guitar_Only\a\a16.wav,a,0
jim2012Chords\Guitar_Only\a\a160.wav,a,0
jim2012Chords\Guitar_Only\a\a161.wav,a,0
jim2012Chords\Guitar_Only\a\a162.wav,a,0
jim2012Chords\Guitar_Only\a\a163.wav,a,0
jim2012Chords\Guitar_Only\a\a164.wav,a,0
jim2012Chords\Guitar_Only\a\a165.wav,a,0
jim2012Chords\Guitar_Only\a\a166.wav,a,0
jim2012Chords\Guitar_Only\a\a167.wav,a,0
jim2012Chords\Guitar_Only\a\a168.wav,a,0
jim2012Chords\Guitar_Only\a\a169.wav,a,0
jim2012Chords\Guitar_Only\a\a17.wav,a,0
jim2012Chords\Guitar_Only\a\a170.wav,a,0
jim2012Chords\Guitar_Only\a\a171.wav,a,0
jim2012Chords\Guitar_Only\a\a172.wav,a,0
jim2012Chords\Guitar_Only\a\a173.wav,a,0
jim2012Chords\Guitar_Only\a\a174.wav,a,0
jim2012Chords\Guitar_Only\a\a175.wav,a,0
jim2012Chords\Guitar_Only\a\a176.wav,a,0
jim2012Chords\Guitar_Only\a\a177.wav,a,0
jim2012Chords\Guitar_Only\a\a178.wav,a,0
jim2012Chords\Guitar_Only\a\a179.wav,a,0
jim2012Chords\Guitar_Only\a\a18.wav,a,0
jim2012Chords\Guitar_Only\a\a180.wav,a,0
jim2012Chords\Guitar_Only\a\a181.wav,a,0
jim2012Chords\Guitar_Only\a\a182.wav,a,0
jim2012Chords\Guitar_Only\a\a183.wav,a,0
jim2012Chords\Guitar_Only\a\a184.wav,a,0
jim2012Chords\Guitar_Only\a\a185.wav,a,0
jim2012Chords\Guitar_Only\a\a186.wav,a,0
jim2012Chords\Guitar_Only\a\a187.wav,a,0
jim2012Chords\Guitar_Only\a\a188.wav,a,0
jim2012Chords\Guitar_Only\a\a189.wav,a,0
jim2012Chords\Guitar_Only\a\a19.wav,a,0
jim2012Chords\Guitar_Only\a\a190.wav,a,0
jim2012Chords\Guitar_Only\a\a191.wav,a,0
jim2012Chords\Guitar_Only\a\a192.wav,a,0
jim2012Chords\Guitar_Only\a\a193.wav,a,0
jim2012Chords\Guitar_Only\a\a194.wav,a,0
jim2012Chords\Guitar_Only\a\a195.wav,a,0
jim2012Chords\Guitar_Only\a\a196.wav,a,0
jim2012Chords\Guitar_Only\a\a197.wav,a,0
jim2012Chords\Guitar_Only\a\a198.wav,a,0
jim2012Chords\Guitar_Only\a\a199.wav,a,0
jim2012Chords\Guitar_Only\a\a2.wav,a,0
jim2012Chords\Guitar_Only\a\a20.wav,a,0
jim2012Chords\Guitar_Only\a\a200.wav,a,0
jim2012Chords\Guitar_Only\a\a21.wav,a,0
jim2012Chords\Guitar_Only\a\a22.wav,a,0
jim2012Chords\Guitar_Only\a\a23.wav,a,0
jim2012Chords\Guitar_Only\a\a24.wav,a,0
jim2012Chords\Guitar_Only\a\a25.wav,a,0
jim2012Chords\Guitar_Only\a\a26.wav,a,0
jim2012Chords\Guitar_Only\a\a27.wav,a,0
jim2012Chords\Guitar_Only\a\a28.wav,a,0
jim2012Chords\Guitar_Only\a\a29.wav,a,0
jim2012Chords\Guitar_Only\a\a3.wav,a,0
jim2012Chords\Guitar_Only\a\a30.wav,a,0
jim2012Chords\Guitar_Only\a\a31.wav,a,0
jim2012Chords\Guitar_Only\a\a32.wav,a,0
jim2012Chords\Guitar_Only\a\a33.wav,a,0
jim2012Chords\Guitar_Only\a\a34.wav,a,0
jim2012Chords\Guitar_Only\a\a35.wav,a,0
jim2012Chords\Guitar_Only\a\a36.wav,a,0
jim2012Chords\Guitar_Only\a\a37.wav,a,0
jim2012Chords\Guitar_Only\a\a38.wav,a,0
jim2012Chords\Guitar_Only\a\a39.wav,a,0
jim2012Chords\Guitar_Only\a\a4.wav,a,0
jim2012Chords\Guitar_Only\a\a40.wav,a,0
jim2012Chords\Guitar_Only\a\a41.wav,a,0
jim2012Chords\Guitar_Only\a\a42.wav,a,0
jim2012Chords\Guitar_Only\a\a43.wav,a,0
jim2012Chords\Guitar_Only\a\a44.wav,a,0
jim2012Chords\Guitar_Only\a\a45.wav,a,0
jim2012Chords\Guitar_Only\a\a46.wav,a,0
jim2012Chords\Guitar_Only\a\a47.wav,a,0
jim2012Chords\Guitar_Only\a\a48.wav,a,0
jim2012Chords\Guitar_Only\a\a49.wav,a,0
jim2012Chords\Guitar_Only\a\a5.wav,a,0
jim2012Chords\Guitar_Only\a\a50.wav,a,0
jim2012Chords\Guitar_Only\a\a51.wav,a,0
jim2012Chords\Guitar_Only\a\a52.wav,a,0
jim2012Chords\Guitar_Only\a\a53.wav,a,0
jim2012Chords\Guitar_Only\a\a54.wav,a,0
jim2012Chords\Guitar_Only\a\a55.wav,a,0
jim2012Chords\Guitar_Only\a\a56.wav,a,0
jim2012Chords\Guitar_Only\a\a57.wav,a,0
jim2012Chords\Guitar_Only\a\a58.wav,a,0
jim2012Chords\Guitar_Only\a\a59.wav,a,0
jim2012Chords\Guitar_Only\a\a6.wav,a,0
jim2012Chords\Guitar_Only\a\a60.wav,a,0
jim2012Chords\Guitar_Only\a\a61.wav,a,0
jim2012Chords\Guitar_Only\a\a62.wav,a,0
jim2012Chords\Guitar_Only\a\a63.wav,a,0
jim2012Chords\Guitar_Only\a\a64.wav,a,0
jim2012Chords\Guitar_Only\a\a65.wav,a,0
jim2012Chords\Guitar_Only\a\a66.wav,a,0
jim2012Chords\Guitar_Only\a\a67.wav,a,0
jim2012Chords\Guitar_Only\a\a68.wav,a,0
jim2012Chords\Guitar_Only\a\a69.wav,a,0
jim2012Chords\Guitar_Only\a\a7.wav,a,0
jim2012Chords\Guitar_Only\a\a70.wav,a,0
jim2012Chords\Guitar_Only\a\a71.wav,a,0
jim2012Chords\Guitar_Only\a\a72.wav,a,0
jim2012Chords\Guitar_Only\a\a73.wav,a,0
jim2012Chords\Guitar_Only\a\a74.wav,a,0
jim2012Chords\Guitar_Only\a\a75.wav,a,0
jim2012Chords\Guitar_Only\a\a76.wav,a,0
jim2012Chords\Guitar_Only\a\a77.wav,a,0
jim2012Chords\Guitar_Only\a\a78.wav,a,0
jim2012Chords\Guitar_Only\a\a79.wav,a,0
jim2012Chords\Guitar_Only\a\a8.wav,a,0
jim2012Chords\Guitar_Only\a\a80.wav,a,0
jim2012Chords\Guitar_Only\a\a81.wav,a,0
jim2012Chords\Guitar_Only\a\a82.wav,a,0
jim2012Chords\Guitar_Only\a\a83.wav,a,0
jim2012Chords\Guitar_Only\a\a84.wav,a,0
jim2012Chords\Guitar_Only\a\a85.wav,a,0
jim2012Chords\Guitar_Only\a\a86.wav,a,0
jim2012Chords\Guitar_Only\a\a87.wav,a,0
jim2012Chords\Guitar_Only\a\a88.wav,a,0
jim2012Chords\Guitar_Only\a\a89.wav,a,0
jim2012Chords\Guitar_Only\a\a9.wav,a,0
jim2012Chords\Guitar_Only\a\a90.wav,a,0
jim2012Chords\Guitar_Only\a\a91.wav,a,0
jim2012Chords\Guitar_Only\a\a92.wav,a,0
jim2012Chords\Guitar_Only\a\a93.wav,a,0
jim2012Chords\Guitar_Only\a\a94.wav,a,0
jim2012Chords\Guitar_Only\a\a95.wav,a,0
jim2012Chords\Guitar_Only\a\a96.wav,a,0
jim2012Chords\Guitar_Only\a\a97.wav,a,0
jim2012Chords\Guitar_Only\a\a98.wav,a,0
jim2012Chords\Guitar_Only\a\a99.wav,a,0
jim2012Chords\Guitar_Only\am\am1.wav,am,1
jim2012Chords\Guitar_Only\am\am10.wav,am,1
jim2012Chords\Guitar_Only\am\am100.wav,am,1
jim2012Chords\Guitar_Only\am\am101.wav,am,1
jim2012Chords\Guitar_Only\am\am102.wav,am,1
jim2012Chords\Guitar_Only\am\am103.wav,am,1
jim2012Chords\Guitar_Only\am\am104.wav,am,1
jim2012Chords\Guitar_Only\am\am105.wav,am,1
jim2012Chords\Guitar_Only\am\am106.wav,am,1
jim2012Chords\Guitar_Only\am\am107.wav,am,1
jim2012Chords\Guitar_Only\am\am108.wav,am,1
jim2012Chords\Guitar_Only\am\am109.wav,am,1
jim2012Chords\Guitar_Only\am\am11.wav,am,1
jim2012Chords\Guitar_Only\am\am110.wav,am,1
jim2012Chords\Guitar_Only\am\am111.wav,am,1
jim2012Chords\Guitar_Only\am\am112.wav,am,1
jim2012Chords\Guitar_Only\am\am113.wav,am,1
jim2012Chords\Guitar_Only\am\am114.wav,am,1
jim2012Chords\Guitar_Only\am\am115.wav,am,1
jim2012Chords\Guitar_Only\am\am116.wav,am,1
jim2012Chords\Guitar_Only\am\am117.wav,am,1
jim2012Chords\Guitar_Only\am\am118.wav,am,1
jim2012Chords\Guitar_Only\am\am119.wav,am,1
jim2012Chords\Guitar_Only\am\am12.wav,am,1
jim2012Chords\Guitar_Only\am\am120.wav,am,1
jim2012Chords\Guitar_Only\am\am121.wav,am,1
jim2012Chords\Guitar_Only\am\am122.wav,am,1
jim2012Chords\Guitar_Only\am\am123.wav,am,1
jim2012Chords\Guitar_Only\am\am124.wav,am,1
jim2012Chords\Guitar_Only\am\am125.wav,am,1
jim2012Chords\Guitar_Only\am\am126.wav,am,1
jim2012Chords\Guitar_Only\am\am127.wav,am,1
jim2012Chords\Guitar_Only\am\am128.wav,am,1
jim2012Chords\Guitar_Only\am\am129.wav,am,1
jim2012Chords\Guitar_Only\am\am13.wav,am,1
jim2012Chords\Guitar_Only\am\am130.wav,am,1
jim2012Chords\Guitar_Only\am\am131.wav,am,1
jim2012Chords\Guitar_Only\am\am132.wav,am,1
jim2012Chords\Guitar_Only\am\am133.wav,am,1
jim2012Chords\Guitar_Only\am\am134.wav,am,1
jim2012Chords\Guitar_Only\am\am135.wav,am,1
jim2012Chords\Guitar_Only\am\am136.wav,am,1
jim2012Chords\Guitar_Only\am\am137.wav,am,1
jim2012Chords\Guitar_Only\am\am138.wav,am,1
jim2012Chords\Guitar_Only\am\am139.wav,am,1
jim2012Chords\Guitar_Only\am\am14.wav,am,1
jim2012Chords\Guitar_Only\am\am140.wav,am,1
jim2012Chords\Guitar_Only\am\am141.wav,am,1
jim2012Chords\Guitar_Only\am\am142.wav,am,1
jim2012Chords\Guitar_Only\am\am143.wav,am,1
jim2012Chords\Guitar_Only\am\am144.wav,am,1
jim2012Chords\Guitar_Only\am\am145.wav,am,1
jim2012Chords\Guitar_Only\am\am146.wav,am,1
jim2012Chords\Guitar_Only\am\am147.wav,am,1
jim2012Chords\Guitar_Only\am\am148.wav,am,1
jim2012Chords\Guitar_Only\am\am149.wav,am,1
jim2012Chords\Guitar_Only\am\am15.wav,am,1
jim2012Chords\Guitar_Only\am\am150.wav,am,1
jim2012Chords\Guitar_Only\am\am151.wav,am,1
jim2012Chords\Guitar_Only\am\am152.wav,am,1
jim2012Chords\Guitar_Only\am\am153.wav,am,1
jim2012Chords\Guitar_Only\am\am154.wav,am,1
jim2012Chords\Guitar_Only\am\am155.wav,am,1
jim2012Chords\Guitar_Only\am\am156.wav,am,1
jim2012Chords\Guitar_Only\am\am157.wav,am,1
jim2012Chords\Guitar_Only\am\am158.wav,am,1
jim2012Chords\Guitar_Only\am\am159.wav,am,1
jim2012Chords\Guitar_Only\am\am16.wav,am,1
jim2012Chords\Guitar_Only\am\am160.wav,am,1
jim2012Chords\Guitar_Only\am\am161.wav,am,1
jim2012Chords\Guitar_Only\am\am162.wav,am,1
jim2012Chords\Guitar_Only\am\am163.wav,am,1
jim2012Chords\Guitar_Only\am\am164.wav,am,1
jim2012Chords\Guitar_Only\am\am165.wav,am,1
jim2012Chords\Guitar_Only\am\am166.wav,am,1
jim2012Chords\Guitar_Only\am\am167.wav,am,1
jim2012Chords\Guitar_Only\am\am168.wav,am,1
jim2012Chords\Guitar_Only\am\am169.wav,am,1
jim2012Chords\Guitar_Only\am\am17.wav,am,1
jim2012Chords\Guitar_Only\am\am170.wav,am,1
jim2012Chords\Guitar_Only\am\am171.wav,am,1
jim2012Chords\Guitar_Only\am\am172.wav,am,1
jim2012Chords\Guitar_Only\am\am173.wav,am,1
jim2012Chords\Guitar_Only\am\am174.wav,am,1
jim2012Chords\Guitar_Only\am\am175.wav,am,1
jim2012Chords\Guitar_Only\am\am176.wav,am,1
jim2012Chords\Guitar_Only\am\am177.wav,am,1
jim2012Chords\Guitar_Only\am\am178.wav,am,1
jim2012Chords\Guitar_Only\am\am179.wav,am,1
jim2012Chords\Guitar_Only\am\am18.wav,am,1
jim2012Chords\Guitar_Only\am\am180.wav,am,1
jim2012Chords\Guitar_Only\am\am181.wav,am,1
jim2012Chords\Guitar_Only\am\am182.wav,am,1
jim2012Chords\Guitar_Only\am\am183.wav,am,1
jim2012Chords\Guitar_Only\am\am184.wav,am,1
jim2012Chords\Guitar_Only\am\am185.wav,am,1
jim2012Chords\Guitar_Only\am\am186.wav,am,1
jim2012Chords\Guitar_Only\am\am187.wav,am,1
jim2012Chords\Guitar_Only\am\am188.wav,am,1
jim2012Chords\Guitar_Only\am\am189.wav,am,1
jim2012Chords\Guitar_Only\am\am19.wav,am,1
jim2012Chords\Guitar_Only\am\am190.wav,am,1
jim2012Chords\Guitar_Only\am\am191.wav,am,1
jim2012Chords\Guitar_Only\am\am192.wav,am,1
jim2012Chords\Guitar_Only\am\am193.wav,am,1
jim2012Chords\Guitar_Only\am\am194.wav,am,1
jim2012Chords\Guitar_Only\am\am195.wav,am,1
jim2012Chords\Guitar_Only\am\am196.wav,am,1
jim2012Chords\Guitar_Only\am\am197.wav,am,1
jim2012Chords\Guitar_Only\am\am198.wav,am,1
jim2012Chords\Guitar_Only\am\am199.wav,am,1
jim2012Chords\Guitar_Only\am\am2.wav,am,1
jim2012Chords\Guitar_Only\am\am20.wav,am,1
jim2012Chords\Guitar_Only\am\am200.wav,am,1
jim2012Chords\Guitar_Only\am\am21.wav,am,1
jim2012Chords\Guitar_Only\am\am22.wav,am,1
jim2012Chords\Guitar_Only\am\am23.wav,am,1
jim2012Chords\Guitar_Only\am\am24.wav,am,1
jim2012Chords\Guitar_Only\am\am25.wav,am,1
jim2012Chords\Guitar_Only\am\am26.wav,am,1
jim2012Chords\Guitar_Only\am\am27.wav,am,1
jim2012Chords\Guitar_Only\am\am28.wav,am,1
jim2012Chords\Guitar_Only\am\am29.wav,am,1
jim2012Chords\Guitar_Only\am\am3.wav,am,1
jim2012Chords\Guitar_Only\am\am30.wav,am,1
jim2012Chords\Guitar_Only\am\am31.wav,am,1
jim2012Chords\Guitar_Only\am\am32.wav,am,1
jim2012Chords\Guitar_Only\am\am33.wav,am,1
jim2012Chords\Guitar_Only\am\am34.wav,am,1
jim2012Chords\Guitar_Only\am\am35.wav,am,1
jim2012Chords\Guitar_Only\am\am36.wav,am,1
jim2012Chords\Guitar_Only\am\am37.wav,am,1
jim2012Chords\Guitar_Only\am\am38.wav,am,1
jim2012Chords\Guitar_Only\am\am39.wav,am,1
jim2012Chords\Guitar_Only\am\am4.wav,am,1
jim2012Chords\Guitar_Only\am\am40.wav,am,1
jim2012Chords\Guitar_Only\am\am41.wav,am,1
jim2012Chords\Guitar_Only\am\am42.wav,am,1
jim2012Chords\Guitar_Only\am\am43.wav,am,1
jim2012Chords\Guitar_Only\am\am44.wav,am,1
jim2012Chords\Guitar_Only\am\am45.wav,am,1
jim2012Chords\Guitar_Only\am\am46.wav,am,1
jim2012Chords\Guitar_Only\am\am47.wav,am,1
jim2012Chords\Guitar_Only\am\am48.wav,am,1
jim2012Chords\Guitar_Only\am\am49.wav,am,1
jim2012Chords\Guitar_Only\am\am5.wav,am,1
jim2012Chords\Guitar_Only\am\am50.wav,am,1
jim2012Chords\Guitar_Only\am\am51.wav,am,1
jim2012Chords\Guitar_Only\am\am52.wav,am,1
jim2012Chords\Guitar_Only\am\am53.wav,am,1
jim2012Chords\Guitar_Only\am\am54.wav,am,1
jim2012Chords\Guitar_Only\am\am55.wav,am,1
jim2012Chords\Guitar_Only\am\am56.wav,am,1
jim2012Chords\Guitar_Only\am\am57.wav,am,1
jim2012Chords\Guitar_Only\am\am58.wav,am,1
jim2012Chords\Guitar_Only\am\am59.wav,am,1
jim2012Chords\Guitar_Only\am\am6.wav,am,1
jim2012Chords\Guitar_Only\am\am60.wav,am,1
jim2012Chords\Guitar_Only\am\am61.wav,am,1
jim2012Chords\Guitar_Only\am\am62.wav,am,1
jim2012Chords\Guitar_Only\am\am63.wav,am,1
jim2012Chords\Guitar_Only\am\am64.wav,am,1
jim2012Chords\Guitar_Only\am\am65.wav,am,1
jim2012Chords\Guitar_Only\am\am66.wav,am,1
jim2012Chords\Guitar_Only\am\am67.wav,am,1
jim2012Chords\Guitar_Only\am\am68.wav,am,1
jim2012Chords\Guitar_Only\am\am69.wav,am,1
jim2012Chords\Guitar_Only\am\am7.wav,am,1
jim2012Chords\Guitar_Only\am\am70.wav,am,1
jim2012Chords\Guitar_Only\am\am71.wav,am,1
jim2012Chords\Guitar_Only\am\am72.wav,am,1
jim2012Chords\Guitar_Only\am\am73.wav,am,1
jim2012Chords\Guitar_Only\am\am74.wav,am,1
jim2012Chords\Guitar_Only\am\am75.wav,am,1
jim2012Chords\Guitar_Only\am\am76.wav,am,1
jim2012Chords\Guitar_Only\am\am77.wav,am,1
jim2012Chords\Guitar_Only\am\am78.wav,am,1
jim2012Chords\Guitar_Only\am\am79.wav,am,1
jim2012Chords\Guitar_Only\am\am8.wav,am,1
jim2012Chords\Guitar_Only\am\am80.wav,am,1
jim2012Chords\Guitar_Only\am\am81.wav,am,1
jim2012Chords\Guitar_Only\am\am82.wav,am,1
jim2012Chords\Guitar_Only\am\am83.wav,am,1
jim2012Chords\Guitar_Only\am\am84.wav,am,1
jim2012Chords\Guitar_Only\am\am85.wav,am,1
jim2012Chords\Guitar_Only\am\am86.wav,am,1
jim2012Chords\Guitar_Only\am\am87.wav,am,1
jim2012Chords\Guitar_Only\am\am88.wav,am,1
jim2012Chords\Guitar_Only\am\am89.wav,am,1
jim2012Chords\Guitar_Only\am\am9.wav,am,1
jim2012Chords\Guitar_Only\am\am90.wav,am,1
jim2012Chords\Guitar_Only\am\am91.wav,am,1
jim2012Chords\Guitar_Only\am\am92.wav,am,1
jim2012Chords\Guitar_Only\am\am93.wav,am,1
jim2012Chords\Guitar_Only\am\am94.wav,am,1
jim2012Chords\Guitar_Only\am\am95.wav,am,1
jim2012Chords\Guitar_Only\am\am96.wav,am,1
jim2012Chords\Guitar_Only\am\am97.wav,am,1
jim2012Chords\Guitar_Only\am\am98.wav,am,1
jim2012Chords\Guitar_Only\am\am99.wav,am,1
jim2012Chords\Guitar_Only\bm\bm1.wav,bm,2
jim2012Chords\Guitar_Only\bm\bm10.wav,bm,2
jim2012Chords\Guitar_Only\bm\bm100.wav,bm,2
jim2012Chords\Guitar_Only\bm\bm101.wav,bm,2
jim2012Chords\Guitar_Only\bm\bm102.wav,bm,2
jim2012Chords\Guitar_Only\bm\bm103.wav,bm,2
jim2012Chords\Guitar_Only\bm\bm104.wav,bm,2
jim2012Chords\Guitar_Only\bm\bm105.wav,bm,2
jim2012Chords\Guitar_Only\bm\bm106.wav,bm,2
jim2012Chords\Guitar_Only\bm\bm107.wav,bm,2
jim2012Chords\Guitar_Only\bm\bm108.wav,bm,2
jim2012Chords\Guitar_Only\bm\bm109.wav,bm,2
jim2012Chords\Guitar_Only\bm\bm11.wav,bm,2
jim2012Chords\Guitar_Only\bm\bm110.wav,bm,2
jim2012Chords\Guitar_Only\bm\bm111.wav,bm,2
jim2012Chords\Guitar_Only\bm\bm112.wav,bm,2
jim2012Chords\Guitar_Only\bm\bm113.wav,bm,2
jim2012Chords\Guitar_Only\bm\bm114.wav,bm,2
jim2012Chords\Guitar_Only\bm\bm115.wav,bm,2
jim2012Chords\Guitar_Only\bm\bm116.wav,bm,2
jim2012Chords\Guitar_Only\bm\bm117.wav,bm,2
jim2012Chords\Guitar_Only\bm\bm118.wav,bm,2
jim2012Chords\Guitar_Only\bm\bm119.wav,bm,2
jim2012Chords\Guitar_Only\bm\bm12.wav,bm,2
jim2012Chords\Guitar_Only\bm\bm120.wav,bm,2
jim2012Chords\Guitar_Only\bm\bm121.wav,bm,2
jim2012Chords\Guitar_Only\bm\bm122.wav,bm,2
jim2012Chords\Guitar_Only\bm\bm123.wav,bm,2
jim2012Chords\Guitar_Only\bm\bm124.wav,bm,2
jim2012Chords\Guitar_Only\bm\bm125.wav,bm,2
jim2012Chords\Guitar_Only\bm\bm126.wav,bm,2
jim2012Chords\Guitar_Only\bm\bm127.wav,bm,2
jim2012Chords\Guitar_Only\bm\bm128.wav,bm,2
jim2012Chords\Guitar_Only\bm\bm129.wav,bm,2
jim2012Chords\Guitar_Only\bm\bm13.wav,bm,2
jim2012Chords\Guitar_Only\bm\bm130.wav,bm,2
jim2012Chords\Guitar_Only\bm\bm131.wav,bm,2
jim2012Chords\Guitar_Only\bm\bm132.wav,bm,2
jim2012Chords\Guitar_Only\bm\bm133.wav,bm,2
jim2012Chords\Guitar_Only\bm\bm134.wav,bm,2
jim2012Chords\Guitar_Only\bm\bm135.wav,bm,2
jim2012Chords\Guitar_Only\bm\bm136.wav,bm,2
jim2012Chords\Guitar_Only\bm\bm137.wav,bm,2
jim2012Chords\Guitar_Only\bm\bm138.wav,bm,2
jim2012Chords\Guitar_Only\bm\bm139.wav,bm,2
jim2012Chords\Guitar_Only\bm\bm14.wav,bm,2
jim2012Chords\Guitar_Only\bm\bm140.wav,bm,2
jim2012Chords\Guitar_Only\bm\bm141.wav,bm,2
jim2012Chords\Guitar_Only\bm\bm142.wav,bm,2
jim2012Chords\Guitar_Only\bm\bm143.wav,bm,2
jim2012Chords\Guitar_Only\bm\bm144.wav,bm,2
jim2012Chords\Guitar_Only\bm\bm145.wav,bm,2
jim2012Chords\Guitar_Only\bm\bm146.wav,bm,2
jim2012Chords\Guitar_Only\bm\bm147.wav,bm,2
jim2012Chords\Guitar_Only\bm\bm148.wav,bm,2
jim2012Chords\Guitar_Only\bm\bm149.wav,bm,2
jim2012Chords\Guitar_Only\bm\bm15.wav,bm,2
jim2012Chords\Guitar_Only\bm\bm150.wav,bm,2
jim2012Chords\Guitar_Only\bm\bm151.wav,bm,2
jim2012Chords\Guitar_Only\bm\bm152.wav,bm,2
jim2012Chords\Guitar_Only\bm\bm153.wav,bm,2
jim2012Chords\Guitar_Only\bm\bm154.wav,bm,2
jim2012Chords\Guitar_Only\bm\bm155.wav,bm,2
jim2012Chords\Guitar_Only\bm\bm156.wav,bm,2
jim2012Chords\Guitar_Only\bm\bm157.wav,bm,2
jim2012Chords\Guitar_Only\bm\bm158.wav,bm,2
jim2012Chords\Guitar_Only\bm\bm159.wav,bm,2
jim2012Chords\Guitar_Only\bm\bm16.wav,bm,2
jim2012Chords\Guitar_Only\bm\bm160.wav,bm,2
jim2012Chords\Guitar_Only\bm\bm161.wav,bm,2
jim2012Chords\Guitar_Only\bm\bm162.wav,bm,2
jim2012Chords\Guitar_Only\bm\bm163.wav,bm,2
jim2012Chords\Guitar_Only\bm\bm164.wav,bm,2
jim2012Chords\Guitar_Only\bm\bm165.wav,bm,2
jim2012Chords\Guitar_Only\bm\bm166.wav,bm,2
jim2012Chords\Guitar_Only\bm\bm167.wav,bm,2
jim2012Chords\Guitar_Only\bm\bm168.wav,bm,2
jim2012Chords\Guitar_Only\bm\bm169.wav,bm,2
jim2012Chords\Guitar_Only\bm\bm17.wav,bm,2
jim2012Chords\Guitar_Only\bm\bm170.wav,bm,2
jim2012Chords\Guitar_Only\bm\bm171.wav,bm,2
jim2012Chords\Guitar_Only\bm\bm172.wav,bm,2
jim2012Chords\Guitar_Only\bm\bm173.wav,bm,2
jim2012Chords\Guitar_Only\bm\bm174.wav,bm,2
jim2012Chords\Guitar_Only\bm\bm175.wav,bm,2
jim2012Chords\Guitar_Only\bm\bm176.wav,bm,2
jim2012Chords\Guitar_Only\bm\bm177.wav,bm,2
jim2012Chords\Guitar_Only\bm\bm178.wav,bm,2
jim2012Chords\Guitar_Only\bm\bm179.wav,bm,2
jim2012Chords\Guitar_Only\bm\bm18.wav,bm,2
jim2012Chords\Guitar_Only\bm\bm180.wav,bm,2
jim2012Chords\Guitar_Only\bm\bm181.wav,bm,2
jim2012Chords\Guitar_Only\bm\bm182.wav,bm,2
jim2012Chords\Guitar_Only\bm\bm183.wav,bm,2
jim2012Chords\Guitar_Only\bm\bm184.wav,bm,2
jim2012Chords\Guitar_Only\bm\bm185.wav,bm,2
jim2012Chords\Guitar_Only\bm\bm186.wav,bm,2
jim2012Chords\Guitar_Only\bm\bm187.wav,bm,2
jim2012Chords\Guitar_Only\bm\bm188.wav,bm,2
jim2012Chords\Guitar_Only\bm\bm189.wav,bm,2
jim2012Chords\Guitar_Only\bm\bm19.wav,bm,2
jim2012Chords\Guitar_Only\bm\bm190.wav,bm,2
jim2012Chords\Guitar_Only\bm\bm191.wav,bm,2
jim2012Chords\Guitar_Only\bm\bm192.wav,bm,2
jim2012Chords\Guitar_Only\bm\bm193.wav,bm,2
jim2012Chords\Guitar_Only\bm\bm194.wav,bm,2
jim2012Chords\Guitar_Only\bm\bm195.wav,bm,2
jim2012Chords\Guitar_Only\bm\bm196.wav,bm,2
jim2012Chords\Guitar_Only\bm\bm197.wav,bm,2
jim2012Chords\Guitar_Only\bm\bm198.wav,bm,2
jim2012Chords\Guitar_Only\bm\bm199.wav,bm,2
jim2012Chords\Guitar_Only\bm\bm2.wav,bm,2
jim2012Chords\Guitar_Only\bm\bm20.wav,bm,2
jim2012Chords\Guitar_Only\bm\bm200.wav,bm,2
jim2012Chords\Guitar_Only\bm\bm21.wav,bm,2
jim2012Chords\Guitar_Only\bm\bm22.wav,bm,2
jim2012Chords\Guitar_Only\bm\bm23.wav,bm,2
jim2012Chords\Guitar_Only\bm\bm24.wav,bm,2
jim2012Chords\Guitar_Only\bm\bm25.wav,bm,2
jim2012Chords\Guitar_Only\bm\bm26.wav,bm,2
jim2012Chords\Guitar_Only\bm\bm27.wav,bm,2
jim2012Chords\Guitar_Only\bm\bm28.wav,bm,2
jim2012Chords\Guitar_Only\bm\bm29.wav,bm,2
jim2012Chords\Guitar_Only\bm\bm3.wav,bm,2
jim2012Chords\Guitar_Only\bm\bm30.wav,bm,2
jim2012Chords\Guitar_Only\bm\bm31.wav,bm,2
jim2012Chords\Guitar_Only\bm\bm32.wav,bm,2
jim2012Chords\Guitar_Only\bm\bm33.wav,bm,2
jim2012Chords\Guitar_Only\bm\bm34.wav,bm,2
jim2012Chords\Guitar_Only\bm\bm35.wav,bm,2
jim2012Chords\Guitar_Only\bm\bm36.wav,bm,2
jim2012Chords\Guitar_Only\bm\bm37.wav,bm,2
jim2012Chords\Guitar_Only\bm\bm38.wav,bm,2
jim2012Chords\Guitar_Only\bm\bm39.wav,bm,2
jim2012Chords\Guitar_Only\bm\bm4.wav,bm,2
jim2012Chords\Guitar_Only\bm\bm40.wav,bm,2
jim2012Chords\Guitar_Only\bm\bm41.wav,bm,2
jim2012Chords\Guitar_Only\bm\bm42.wav,bm,2
jim2012Chords\Guitar_Only\bm\bm43.wav,bm,2
jim2012Chords\Guitar_Only\bm\bm44.wav,bm,2
jim2012Chords\Guitar_Only\bm\bm45.wav,bm,2
jim2012Chords\Guitar_Only\bm\bm46.wav,bm,2
jim2012Chords\Guitar_Only\bm\bm47.wav,bm,2
jim2012Chords\Guitar_Only\bm\bm48.wav,bm,2
jim2012Chords\Guitar_Only\bm\bm49.wav,bm,2
jim2012Chords\Guitar_Only\bm\bm5.wav,bm,2
jim2012Chords\Guitar_Only\bm\bm50.wav,bm,2
jim2012Chords\Guitar_Only\bm\bm51.wav,bm,2
jim2012Chords\Guitar_Only\bm\bm52.wav,bm,2
jim2012Chords\Guitar_Only\bm\bm53.wav,bm,2
jim2012Chords\Guitar_Only\bm\bm54.wav,bm,2
jim2012Chords\Guitar_Only\bm\bm55.wav,bm,2
jim2012Chords\Guitar_Only\bm\bm56.wav,bm,2
jim2012Chords\Guitar_Only\bm\bm57.wav,bm,2
jim2012Chords\Guitar_Only\bm\bm58.wav,bm,2
jim2012Chords\Guitar_Only\bm\bm59.wav,bm,2
jim2012Chords\Guitar_Only\bm\bm6.wav,bm,2
jim2012Chords\Guitar_Only\bm\bm60.wav,bm,2
jim2012Chords\Guitar_Only\bm\bm61.wav,bm,2
jim2012Chords\Guitar_Only\bm\bm62.wav,bm,2
jim2012Chords\Guitar_Only\bm\bm63.wav,bm,2
jim2012Chords\Guitar_Only\bm\bm64.wav,bm,2
jim2012Chords\Guitar_Only\bm\bm65.wav,bm,2
jim2012Chords\Guitar_Only\bm\bm66.wav,bm,2
jim2012Chords\Guitar_Only\bm\bm67.wav,bm,2
jim2012Chords\Guitar_Only\bm\bm68.wav,bm,2
jim2012Chords\Guitar_Only\bm\bm69.wav,bm,2
jim2012Chords\Guitar_Only\bm\bm7.wav,bm,2
jim2012Chords\Guitar_Only\bm\bm70.wav,bm,2
jim2012Chords\Guitar_Only\bm\bm71.wav,bm,2
jim2012Chords\Guitar_Only\bm\bm72.wav,bm,2
jim2012Chords\Guitar_Only\bm\bm73.wav,bm,2
jim2012Chords\Guitar_Only\bm\bm74.wav,bm,2
jim2012Chords\Guitar_Only\bm\bm75.wav,bm,2
jim2012Chords\Guitar_Only\bm\bm76.wav,bm,2
jim2012Chords\Guitar_Only\bm\bm77.wav,bm,2
jim2012Chords\Guitar_Only\bm\bm78.wav,bm,2
jim2012Chords\Guitar_Only\bm\bm79.wav,bm,2
jim2012Chords\Guitar_Only\bm\bm8.wav,bm,2
jim2012Chords\Guitar_Only\bm\bm80.wav,bm,2
jim2012Chords\Guitar_Only\bm\bm81.wav,bm,2
jim2012Chords\Guitar_Only\bm\bm82.wav,bm,2
jim2012Chords\Guitar_Only\bm\bm83.wav,bm,2
jim2012Chords\Guitar_Only\bm\bm84.wav,bm,2
jim2012Chords\Guitar_Only\bm\bm85.wav,bm,2
jim2012Chords\Guitar_Only\bm\bm86.wav,bm,2
jim2012Chords\Guitar_Only\bm\bm87.wav,bm,2
jim2012Chords\Guitar_Only\bm\bm88.wav,bm,2
jim2012Chords\Guitar_Only\bm\bm89.wav,bm,2
jim2012Chords\Guitar_Only\bm\bm9.wav,bm,2
jim2012Chords\Guitar_Only\bm\bm90.wav,bm,2
jim2012Chords\Guitar_Only\bm\bm91.wav,bm,2
jim2012Chords\Guitar_Only\bm\bm92.wav,bm,2
jim2012Chords\Guitar_Only\bm\bm93.wav,bm,2
jim2012Chords\Guitar_Only\bm\bm94.wav,bm,2
jim2012Chords\Guitar_Only\bm\bm95.wav,bm,2
jim2012Chords\Guitar_Only\bm\bm96.wav,bm,2
jim2012Chords\Guitar_Only\bm\bm97.wav,bm,2
jim2012Chords\Guitar_Only\bm\bm98.wav,bm,2
jim2012Chords\Guitar_Only\bm\bm99.wav,bm,2
jim2012Chords\Guitar_Only\c\c1.wav,c,3
jim2012Chords\Guitar_Only\c\c10.wav,c,3
jim2012Chords\Guitar_Only\c\c100.wav,c,3
jim2012Chords\Guitar_Only\c\c101.wav,c,3
jim2012Chords\Guitar_Only\c\c102.wav,c,3
jim2012Chords\Guitar_Only\c\c103.wav,c,3
jim2012Chords\Guitar_Only\c\c104.wav,c,3
jim2012Chords\Guitar_Only\c\c105.wav,c,3
jim2012Chords\Guitar_Only\c\c106.wav,c,3
jim2012Chords\Guitar_Only\c\c107.wav,c,3
jim2012Chords\Guitar_Only\c\c108.wav,c,3
jim2012Chords\Guitar_Only\c\c109.wav,c,3
jim2012Chords\Guitar_Only\c\c11.wav,c,3
jim2012Chords\Guitar_Only\c\c110.wav,c,3
jim2012Chords\Guitar_Only\c\c111.wav,c,3
jim2012Chords\Guitar_Only\c\c112.wav,c,3
jim2012Chords\Guitar_Only\c\c113.wav,c,3
jim2012Chords\Guitar_Only\c\c114.wav,c,3
jim2012Chords\Guitar_Only\c\c115.wav,c,3
jim2012Chords\Guitar_Only\c\c116.wav,c,3
jim2012Chords\Guitar_Only\c\c117.wav,c,3
jim2012Chords\Guitar_Only\c\c118.wav,c,3
jim2012Chords\Guitar_Only\c\c119.wav,c,3
jim2012Chords\Guitar_Only\c\c12.wav,c,3
jim2012Chords\Guitar_Only\c\c120.wav,c,3
jim2012Chords\Guitar_Only\c\c121.wav,c,3
jim2012Chords\Guitar_Only\c\c122.wav,c,3
jim2012Chords\Guitar_Only\c\c123.wav,c,3
jim2012Chords\Guitar_Only\c\c124.wav,c,3
jim2012Chords\Guitar_Only\c\c125.wav,c,3
jim2012Chords\Guitar_Only\c\c126.wav,c,3
jim2012Chords\Guitar_Only\c\c127.wav,c,3
jim2012Chords\Guitar_Only\c\c128.wav,c,3
jim2012Chords\Guitar_Only\c\c129.wav,c,3
jim2012Chords\Guitar_Only\c\c13.wav,c,3
jim2012Chords\Guitar_Only\c\c130.wav,c,3
jim2012Chords\Guitar_Only\c\c131.wav,c,3
jim2012Chords\Guitar_Only\c\c132.wav,c,3
jim2012Chords\Guitar_Only\c\c133.wav,c,3
jim2012Chords\Guitar_Only\c\c134.wav,c,3
jim2012Chords\Guitar_Only\c\c135.wav,c,3
jim2012Chords\Guitar_Only\c\c136.wav,c,3
jim2012Chords\Guitar_Only\c\c137.wav,c,3
jim2012Chords\Guitar_Only\c\c138.wav,c,3
jim2012Chords\Guitar_Only\c\c139.wav,c,3
jim2012Chords\Guitar_Only\c\c14.wav,c,3
jim2012Chords\Guitar_Only\c\c140.wav,c,3
jim2012Chords\Guitar_Only\c\c141.wav,c,3
jim2012Chords\Guitar_Only\c\c142.wav,c,3
jim2012Chords\Guitar_Only\c\c143.wav,c,3
jim2012Chords\Guitar_Only\c\c144.wav,c,3
jim2012Chords\Guitar_Only\c\c145.wav,c,3
jim2012Chords\Guitar_Only\c\c146.wav,c,3
jim2012Chords\Guitar_Only\c\c147.wav,c,3
jim2012Chords\Guitar_Only\c\c148.wav,c,3
jim2012Chords\Guitar_Only\c\c149.wav,c,3
jim2012Chords\Guitar_Only\c\c15.wav,c,3
jim2012Chords\Guitar_Only\c\c150.wav,c,3
jim2012Chords\Guitar_Only\c\c151.wav,c,3
jim2012Chords\Guitar_Only\c\c152.wav,c,3
jim2012Chords\Guitar_Only\c\c153.wav,c,3
jim2012Chords\Guitar_Only\c\c154.wav,c,3
jim2012Chords\Guitar_Only\c\c155.wav,c,3
jim2012Chords\Guitar_Only\c\c156.wav,c,3
jim2012Chords\Guitar_Only\c\c157.wav,c,3
jim2012Chords\Guitar_Only\c\c158.wav,c,3
jim2012Chords\Guitar_Only\c\c159.wav,c,3
jim2012Chords\Guitar_Only\c\c16.wav,c,3
jim2012Chords\Guitar_Only\c\c160.wav,c,3
jim2012Chords\Guitar_Only\c\c161.wav,c,3
jim2012Chords\Guitar_Only\c\c162.wav,c,3
jim2012Chords\Guitar_Only\c\c163.wav,c,3
jim2012Chords\Guitar_Only\c\c164.wav,c,3
jim2012Chords\Guitar_Only\c\c165.wav,c,3
jim2012Chords\Guitar_Only\c\c166.wav,c,3
jim2012Chords\Guitar_Only\c\c167.wav,c,3
jim2012Chords\Guitar_Only\c\c168.wav,c,3
jim2012Chords\Guitar_Only\c\c169.wav,c,3
jim2012Chords\Guitar_Only\c\c17.wav,c,3
jim2012Chords\Guitar_Only\c\c170.wav,c,3
jim2012Chords\Guitar_Only\c\c171.wav,c,3
jim2012Chords\Guitar_Only\c\c172.wav,c,3
jim2012Chords\Guitar_Only\c\c173.wav,c,3
jim2012Chords\Guitar_Only\c\c174.wav,c,3
jim2012Chords\Guitar_Only\c\c175.wav,c,3
jim2012Chords\Guitar_Only\c\c176.wav,c,3
jim2012Chords\Guitar_Only\c\c177.wav,c,3
jim2012Chords\Guitar_Only\c\c178.wav,c,3
jim2012Chords\Guitar_Only\c\c179.wav,c,3
jim2012Chords\Guitar_Only\c\c18.wav,c,3
jim2012Chords\Guitar_Only\c\c180.wav,c,3
jim2012Chords\Guitar_Only\c\c181.wav,c,3
jim2012Chords\Guitar_Only\c\c182.wav,c,3
jim2012Chords\Guitar_Only\c\c183.wav,c,3
jim2012Chords\Guitar_Only\c\c184.wav,c,3
jim2012Chords\Guitar_Only\c\c185.wav,c,3
jim2012Chords\Guitar_Only\c\c186.wav,c,3
jim2012Chords\Guitar_Only\c\c187.wav,c,3
jim2012Chords\Guitar_Only\c\c188.wav,c,3
jim2012Chords\Guitar_Only\c\c189.wav,c,3
jim2012Chords\Guitar_Only\c\c19.wav,c,3
jim2012Chords\Guitar_Only\c\c190.wav,c,3
jim2012Chords\Guitar_Only\c\c191.wav,c,3
jim2012Chords\Guitar_Only\c\c192.wav,c,3
jim2012Chords\Guitar_Only\c\c193.wav,c,3
jim2012Chords\Guitar_Only\c\c194.wav,c,3
jim2012Chords\Guitar_Only\c\c195.wav,c,3
jim2012Chords\Guitar_Only\c\c196.wav,c,3
jim2012Chords\Guitar_Only\c\c197.wav,c,3
jim2012Chords\Guitar_Only\c\c198.wav,c,3
jim2012Chords\Guitar_Only\c\c199.wav,c,3
jim2012Chords\Guitar_Only\c\c2.wav,c,3
jim2012Chords\Guitar_Only\c\c20.wav,c,3
jim2012Chords\Guitar_Only\c\c200.wav,c,3
jim2012Chords\Guitar_Only\c\c21.wav,c,3
jim2012Chords\Guitar_Only\c\c22.wav,c,3
jim2012Chords\Guitar_Only\c\c23.wav,c,3
jim2012Chords\Guitar_Only\c\c24.wav,c,3
jim2012Chords\Guitar_Only\c\c25.wav,c,3
jim2012Chords\Guitar_Only\c\c26.wav,c,3
jim2012Chords\Guitar_Only\c\c27.wav,c,3
jim2012Chords\Guitar_Only\c\c28.wav,c,3
jim2012Chords\Guitar_Only\c\c29.wav,c,3
jim2012Chords\Guitar_Only\c\c3.wav,c,3
jim2012Chords\Guitar_Only\c\c30.wav,c,3
jim2012Chords\Guitar_Only\c\c31.wav,c,3
jim2012Chords\Guitar_Only\c\c32.wav,c,3
jim2012Chords\Guitar_Only\c\c33.wav,c,3
jim2012Chords\Guitar_Only\c\c34.wav,c,3
jim2012Chords\Guitar_Only\c\c35.wav,c,3
jim2012Chords\Guitar_Only\c\c36.wav,c,3
jim2012Chords\Guitar_Only\c\c37.wav,c,3
jim2012Chords\Guitar_Only\c\c38.wav,c,3
jim2012Chords\Guitar_Only\c\c39.wav,c,3
jim2012Chords\Guitar_Only\c\c4.wav,c,3
jim2012Chords\Guitar_Only\c\c40.wav,c,3
jim2012Chords\Guitar_Only\c\c41.wav,c,3
jim2012Chords\Guitar_Only\c\c42.wav,c,3
jim2012Chords\Guitar_Only\c\c43.wav,c,3
jim2012Chords\Guitar_Only\c\c44.wav,c,3
jim2012Chords\Guitar_Only\c\c45.wav,c,3
jim2012Chords\Guitar_Only\c\c46.wav,c,3
jim2012Chords\Guitar_Only\c\c47.wav,c,3
jim2012Chords\Guitar_Only\c\c48.wav,c,3
jim2012Chords\Guitar_Only\c\c49.wav,c,3
jim2012Chords\Guitar_Only\c\c5.wav,c,3
jim2012Chords\Guitar_Only\c\c50.wav,c,3
jim2012Chords\Guitar_Only\c\c51.wav,c,3
jim2012Chords\Guitar_Only\c\c52.wav,c,3
jim2012Chords\Guitar_Only\c\c53.wav,c,3
jim2012Chords\Guitar_Only\c\c54.wav,c,3
jim2012Chords\Guitar_Only\c\c55.wav,c,3
jim2012Chords\Guitar_Only\c\c56.wav,c,3
jim2012Chords\Guitar_Only\c\c57.wav,c,3
jim2012Chords\Guitar_Only\c\c58.wav,c,3
jim2012Chords\Guitar_Only\c\c59.wav,c,3
jim2012Chords\Guitar_Only\c\c6.wav,c,3
jim2012Chords\Guitar_Only\c\c60.wav,c,3
jim2012Chords\Guitar_Only\c\c61.wav,c,3
jim2012Chords\Guitar_Only\c\c62.wav,c,3
jim2012Chords\Guitar_Only\c\c63.wav,c,3
jim2012Chords\Guitar_Only\c\c64.wav,c,3
jim2012Chords\Guitar_Only\c\c65.wav,c,3
jim2012Chords\Guitar_Only\c\c66.wav,c,3
jim2012Chords\Guitar_Only\c\c67.wav,c,3
jim2012Chords\Guitar_Only\c\c68.wav,c,3
jim2012Chords\Guitar_Only\c\c69.wav,c,3
jim2012Chords\Guitar_Only\c\c7.wav,c,3
jim2012Chords\Guitar_Only\c\c70.wav,c,3
jim2012Chords\Guitar_Only\c\c71.wav,c,3
jim2012Chords\Guitar_Only\c\c72.wav,c,3
jim2012Chords\Guitar_Only\c\c73.wav,c,3
jim2012Chords\Guitar_Only\c\c74.wav,c,3
jim2012Chords\Guitar_Only\c\c75.wav,c,3
jim2012Chords\Guitar_Only\c\c76.wav,c,3
jim2012Chords\Guitar_Only\c\c77.wav,c,3
jim2012Chords\Guitar_Only\c\c78.wav,c,3
jim2012Chords\Guitar_Only\c\c79.wav,c,3
jim2012Chords\Guitar_Only\c\c8.wav,c,3
jim2012Chords\Guitar_Only\c\c80.wav,c,3
jim2012Chords\Guitar_Only\c\c81.wav,c,3
jim2012Chords\Guitar_Only\c\c82.wav,c,3
jim2012Chords\Guitar_Only\c\c83.wav,c,3
jim2012Chords\Guitar_Only\c\c84.wav,c,3
jim2012Chords\Guitar_Only\c\c85.wav,c,3
jim2012Chords\Guitar_Only\c\c86.wav,c,3
jim2012Chords\Guitar_Only\c\c87.wav,c,3
jim2012Chords\Guitar_Only\c\c88.wav,c,3
jim2012Chords\Guitar_Only\c\c89.wav,c,3
jim2012Chords\Guitar_Only\c\c9.wav,c,3
jim2012Chords\Guitar_Only\c\c90.wav,c,3
jim2012Chords\Guitar_Only\c\c91.wav,c,3
jim2012Chords\Guitar_Only\c\c92.wav,c,3
jim2012Chords\Guitar_Only\c\c93.wav,c,3
jim2012Chords\Guitar_Only\c\c94.wav,c,3
jim2012Chords\Guitar_Only\c\c95.wav,c,3
jim2012Chords\Guitar_Only\c\c96.wav,c,3
jim2012Chords\Guitar_Only\c\c97.wav,c,3
jim2012Chords\Guitar_Only\c\c98.wav,c,3
jim2012Chords\Guitar_Only\c\c99.wav,c,3
jim2012Chords\Guitar_Only\d\d1.wav,d,4
jim2012Chords\Guitar_Only\d\d10.wav,d,4
jim2012Chords\Guitar_Only\d\d100.wav,d,4
jim2012Chords\Guitar_Only\d\d101.wav,d,4
jim2012Chords\Guitar_Only\d\d102.wav,d,4
jim2012Chords\Guitar_Only\d\d103.wav,d,4
jim2012Chords\Guitar_Only\d\d104.wav,d,4
jim2012Chords\Guitar_Only\d\d105.wav,d,4
jim2012Chords\Guitar_Only\d\d106.wav,d,4
jim2012Chords\Guitar_Only\d\d107.wav,d,4
jim2012Chords\Guitar_Only\d\d108.wav,d,4
jim2012Chords\Guitar_Only\d\d109.wav,d,4
jim2012Chords\Guitar_Only\d\d11.wav,d,4
jim2012Chords\Guitar_Only\d\d110.wav,d,4
jim2012Chords\Guitar_Only\d\d111.wav,d,4
jim2012Chords\Guitar_Only\d\d112.wav,d,4
jim2012Chords\Guitar_Only\d\d113.wav,d,4
jim2012Chords\Guitar_Only\d\d114.wav,d,4
jim2012Chords\Guitar_Only\d\d115.wav,d,4
jim2012Chords\Guitar_Only\d\d116.wav,d,4
jim2012Chords\Guitar_Only\d\d117.wav,d,4
jim2012Chords\Guitar_Only\d\d118.wav,d,4
jim2012Chords\Guitar_Only\d\d119.wav,d,4
jim2012Chords\Guitar_Only\d\d12.wav,d,4
jim2012Chords\Guitar_Only\d\d120.wav,d,4
jim2012Chords\Guitar_Only\d\d121.wav,d,4
jim2012Chords\Guitar_Only\d\d122.wav,d,4
jim2012Chords\Guitar_Only\d\d123.wav,d,4
jim2012Chords\Guitar_Only\d\d124.wav,d,4
jim2012Chords\Guitar_Only\d\d125.wav,d,4
jim2012Chords\Guitar_Only\d\d126.wav,d,4
jim2012Chords\Guitar_Only\d\d127.wav,d,4
jim2012Chords\Guitar_Only\d\d128.wav,d,4
jim2012Chords\Guitar_Only\d\d129.wav,d,4
jim2012Chords\Guitar_Only\d\d13.wav,d,4
jim2012Chords\Guitar_Only\d\d130.wav,d,4
jim2012Chords\Guitar_Only\d\d131.wav,d,4
jim2012Chords\Guitar_Only\d\d132.wav,d,4
jim2012Chords\Guitar_Only\d\d133.wav,d,4
jim2012Chords\Guitar_Only\d\d134.wav,d,4
jim2012Chords\Guitar_Only\d\d135.wav,d,4
jim2012Chords\Guitar_Only\d\d136.wav,d,4
jim2012Chords\Guitar_Only\d\d137.wav,d,4
jim2012Chords\Guitar_Only\d\d138.wav,d,4
jim2012Chords\Guitar_Only\d\d139.wav,d,4
jim2012Chords\Guitar_Only\d\d14.wav,d,4
jim2012Chords\Guitar_Only\d\d140.wav,d,4
jim2012Chords\Guitar_Only\d\d141.wav,d,4
jim2012Chords\Guitar_Only\d\d142.wav,d,4
jim2012Chords\Guitar_Only\d\d143.wav,d,4
jim2012Chords\Guitar_Only\d\d144.wav,d,4
jim2012Chords\Guitar_Only\d\d145.wav,d,4
jim2012Chords\Guitar_Only\d\d146.wav,d,4
jim2012Chords\Guitar_Only\d\d147.wav,d,4
jim2012Chords\Guitar_Only\d\d148.wav,d,4
jim2012Chords\Guitar_Only\d\d149.wav,d,4
jim2012Chords\Guitar_Only\d\d15.wav,d,4
jim2012Chords\Guitar_Only\d\d150.wav,d,4
jim2012Chords\Guitar_Only\d\d151.wav,d,4
jim2012Chords\Guitar_Only\d\d152.wav,d,4
jim2012Chords\Guitar_Only\d\d153.wav,d,4
jim2012Chords\Guitar_Only\d\d154.wav,d,4
jim2012Chords\Guitar_Only\d\d155.wav,d,4
jim2012Chords\Guitar_Only\d\d156.wav,d,4
jim2012Chords\Guitar_Only\d\d157.wav,d,4
jim2012Chords\Guitar_Only\d\d158.wav,d,4
jim2012Chords\Guitar_Only\d\d159.wav,d,4
jim2012Chords\Guitar_Only\d\d16.wav,d,4
jim2012Chords\Guitar_Only\d\d160.wav,d,4
jim2012Chords\Guitar_Only\d\d161.wav,d,4
jim2012Chords\Guitar_Only\d\d162.wav,d,4
jim2012Chords\Guitar_Only\d\d163.wav,d,4
jim2012Chords\Guitar_Only\d\d164.wav,d,4
jim2012Chords\Guitar_Only\d\d165.wav,d,4
jim2012Chords\Guitar_Only\d\d166.wav,d,4
jim2012Chords\Guitar_Only\d\d167.wav,d,4
jim2012Chords\Guitar_Only\d\d168.wav,d,4
jim2012Chords\Guitar_Only\d\d169.wav,d,4
jim2012Chords\Guitar_Only\d\d17.wav,d,4
jim2012Chords\Guitar_Only\d\d170.wav,d,4
jim2012Chords\Guitar_Only\d\d171.wav,d,4
jim2012Chords\Guitar_Only\d\d172.wav,d,4
jim2012Chords\Guitar_Only\d\d173.wav,d,4
jim2012Chords\Guitar_Only\d\d174.wav,d,4
jim2012Chords\Guitar_Only\d\d175.wav,d,4
jim2012Chords\Guitar_Only\d\d176.wav,d,4
jim2012Chords\Guitar_Only\d\d177.wav,d,4
jim2012Chords\Guitar_Only\d\d178.wav,d,4
jim2012Chords\Guitar_Only\d\d179.wav,d,4
jim2012Chords\Guitar_Only\d\d18.wav,d,4
jim2012Chords\Guitar_Only\d\d180.wav,d,4
jim2012Chords\Guitar_Only\d\d181.wav,d,4
jim2012Chords\Guitar_Only\d\d182.wav,d,4
jim2012Chords\Guitar_Only\d\d183.wav,d,4
jim2012Chords\Guitar_Only\d\d184.wav,d,4
jim2012Chords\Guitar_Only\d\d185.wav,d,4
jim2012Chords\Guitar_Only\d\d186.wav,d,4
jim2012Chords\Guitar_Only\d\d187.wav,d,4
jim2012Chords\Guitar_Only\d\d188.wav,d,4
jim2012Chords\Guitar_Only\d\d189.wav,d,4
jim2012Chords\Guitar_Only\d\d19.wav,d,4
jim2012Chords\Guitar_Only\d\d190.wav,d,4
jim2012Chords\Guitar_Only\d\d191.wav,d,4
jim2012Chords\Guitar_Only\d\d192.wav,d,4
jim2012Chords\Guitar_Only\d\d193.wav,d,4
jim2012Chords\Guitar_Only\d\d194.wav,d,4
jim2012Chords\Guitar_Only\d\d195.wav,d,4
jim2012Chords\Guitar_Only\d\d196.wav,d,4
jim2012Chords\Guitar_Only\d\d197.wav,d,4
jim2012Chords\Guitar_Only\d\d198.wav,d,4
jim2012Chords\Guitar_Only\d\d199.wav,d,4
jim2012Chords\Guitar_Only\d\d2.wav,d,4
jim2012Chords\Guitar_Only\d\d20.wav,d,4
jim2012Chords\Guitar_Only\d\d200.wav,d,4
jim2012Chords\Guitar_Only\d\d21.wav,d,4
jim2012Chords\Guitar_Only\d\d22.wav,d,4
jim2012Chords\Guitar_Only\d\d23.wav,d,4
jim2012Chords\Guitar_Only\d\d24.wav,d,4
jim2012Chords\Guitar_Only\d\d25.wav,d,4
jim2012Chords\Guitar_Only\d\d26.wav,d,4
jim2012Chords\Guitar_Only\d\d27.wav,d,4
jim2012Chords\Guitar_Only\d\d28.wav,d,4
jim2012Chords\Guitar_Only\d\d29.wav,d,4
jim2012Chords\Guitar_Only\d\d3.wav,d,4
jim2012Chords\Guitar_Only\d\d30.wav,d,4
jim2012Chords\Guitar_Only\d\d31.wav,d,4
jim2012Chords\Guitar_Only\d\d32.wav,d,4
jim2012Chords\Guitar_Only\d\d33.wav,d,4
jim2012Chords\Guitar_Only\d\d34.wav,d,4
jim2012Chords\Guitar_Only\d\d35.wav,d,4
jim2012Chords\Guitar_Only\d\d36.wav,d,4
jim2012Chords\Guitar_Only\d\d37.wav,d,4
jim2012Chords\Guitar_Only\d\d38.wav,d,4
jim2012Chords\Guitar_Only\d\d39.wav,d,4
jim2012Chords\Guitar_Only\d\d4.wav,d,4
jim2012Chords\Guitar_Only\d\d40.wav,d,4
jim2012Chords\Guitar_Only\d\d41.wav,d,4
jim2012Chords\Guitar_Only\d\d42.wav,d,4
jim2012Chords\Guitar_Only\d\d43.wav,d,4
jim2012Chords\Guitar_Only\d\d44.wav,d,4
jim2012Chords\Guitar_Only\d\d45.wav,d,4
jim2012Chords\Guitar_Only\d\d46.wav,d,4
jim2012Chords\Guitar_Only\d\d47.wav,d,4
jim2012Chords\Guitar_Only\d\d48.wav,d,4
jim2012Chords\Guitar_Only\d\d49.wav,d,4
jim2012Chords\Guitar_Only\d\d5.wav,d,4
jim2012Chords\Guitar_Only\d\d50.wav,d,4
jim2012Chords\Guitar_Only\d\d51.wav,d,4
jim2012Chords\Guitar_Only\d\d52.wav,d,4
jim2012Chords\Guitar_Only\d\d53.wav,d,4
jim2012Chords\Guitar_Only\d\d54.wav,d,4
jim2012Chords\Guitar_Only\d\d55.wav,d,4
jim2012Chords\Guitar_Only\d\d56.wav,d,4
jim2012Chords\Guitar_Only\d\d57.wav,d,4
jim2012Chords\Guitar_Only\d\d58.wav,d,4
jim2012Chords\Guitar_Only\d\d59.wav,d,4
jim2012Chords\Guitar_Only\d\d6.wav,d,4
jim2012Chords\Guitar_Only\d\d60.wav,d,4
jim2012Chords\Guitar_Only\d\d61.wav,d,4
jim2012Chords\Guitar_Only\d\d62.wav,d,4
jim2012Chords\Guitar_Only\d\d63.wav,d,4
jim2012Chords\Guitar_Only\d\d64.wav,d,4
jim2012Chords\Guitar_Only\d\d65.wav,d,4
jim2012Chords\Guitar_Only\d\d66.wav,d,4
jim2012Chords\Guitar_Only\d\d67.wav,d,4
jim2012Chords\Guitar_Only\d\d68.wav,d,4
jim2012Chords\Guitar_Only\d\d69.wav,d,4
jim2012Chords\Guitar_Only\d\d7.wav,d,4
jim2012Chords\Guitar_Only\d\d70.wav,d,4
jim2012Chords\Guitar_Only\d\d71.wav,d,4
jim2012Chords\Guitar_Only\d\d72.wav,d,4
jim2012Chords\Guitar_Only\d\d73.wav,d,4
jim2012Chords\Guitar_Only\d\d74.wav,d,4
jim2012Chords\Guitar_Only\d\d75.wav,d,4
jim2012Chords\Guitar_Only\d\d76.wav,d,4
jim2012Chords\Guitar_Only\d\d77.wav,d,4
jim2012Chords\Guitar_Only\d\d78.wav,d,4
jim2012Chords\Guitar_Only\d\d79.wav,d,4
jim2012Chords\Guitar_Only\d\d8.wav,d,4
jim2012Chords\Guitar_Only\d\d80.wav,d,4
jim2012Chords\Guitar_Only\d\d81.wav,d,4
jim2012Chords\Guitar_Only\d\d82.wav,d,4
jim2012Chords\Guitar_Only\d\d83.wav,d,4
jim2012Chords\Guitar_Only\d\d84.wav,d,4
jim2012Chords\Guitar_Only\d\d85.wav,d,4
jim2012Chords\Guitar_Only\d\d86.wav,d,4
jim2012Chords\Guitar_Only\d\d87.wav,d,4
jim2012Chords\Guitar_Only\d\d88.wav,d,4
jim2012Chords\Guitar_Only\d\d89.wav,d,4
jim2012Chords\Guitar_Only\d\d9.wav,d,4
jim2012Chords\Guitar_Only\d\d90.wav,d,4
jim2012Chords\Guitar_Only\d\d91.wav,d,4
jim2012Chords\Guitar_Only\d\d92.wav,d,4
jim2012Chords\Guitar_Only\d\d93.wav,d,4
jim2012Chords\Guitar_Only\d\d94.wav,d,4
jim2012Chords\Guitar_Only\d\d95.wav,d,4
jim2012Chords\Guitar_Only\d\d96.wav,d,4
jim2012Chords\Guitar_Only\d\d97.wav,d,4
jim2012Chords\Guitar_Only\d\d98.wav,d,4
jim2012Chords\Guitar_Only\d\d99.wav,d,4
jim2012Chords\Guitar_Only\dm\dm1.wav,dm,5
jim2012Chords\Guitar_Only\dm\dm10.wav,dm,5
jim2012Chords\Guitar_Only\dm\dm100.wav,dm,5
jim2012Chords\Guitar_Only\dm\dm101.wav,dm,5
jim2012Chords\Guitar_Only\dm\dm102.wav,dm,5
jim2012Chords\Guitar_Only\dm\dm103.wav,dm,5
jim2012Chords\Guitar_Only\dm\dm104.wav,dm,5
jim2012Chords\Guitar_Only\dm\dm105.wav,dm,5
jim2012Chords\Guitar_Only\dm\dm106.wav,dm,5
jim2012Chords\Guitar_Only\dm\dm107.wav,dm,5
jim2012Chords\Guitar_Only\dm\dm108.wav,dm,5
jim2012Chords\Guitar_Only\dm\dm109.wav,dm,5
jim2012Chords\Guitar_Only\dm\dm11.wav,dm,5
jim2012Chords\Guitar_Only\dm\dm110.wav,dm,5
jim2012Chords\Guitar_Only\dm\dm111.wav,dm,5
jim2012Chords\Guitar_Only\dm\dm112.wav,dm,5
jim2012Chords\Guitar_Only\dm\dm113.wav,dm,5
jim2012Chords\Guitar_Only\dm\dm114.wav,dm,5
jim2012Chords\Guitar_Only\dm\dm115.wav,dm,5
jim2012Chords\Guitar_Only\dm\dm116.wav,dm,5
jim2012Chords\Guitar_Only\dm\dm117.wav,dm,5
jim2012Chords\Guitar_Only\dm\dm118.wav,dm,5
jim2012Chords\Guitar_Only\dm\dm119.wav,dm,5
jim2012Chords\Guitar_Only\dm\dm12.wav,dm,5
jim2012Chords\Guitar_Only\dm\dm120.wav,dm,5
jim2012Chords\Guitar_Only\dm\dm121.wav,dm,5
jim2012Chords\Guitar_Only\dm\dm122.wav,dm,5
jim2012Chords\Guitar_Only\dm\dm123.wav,dm,5
jim2012Chords\Guitar_Only\dm\dm124.wav,dm,5
jim2012Chords\Guitar_Only\dm\dm125.wav,dm,5
jim2012Chords\Guitar_Only\dm\dm126.wav,dm,5
jim2012Chords\Guitar_Only\dm\dm127.wav,dm,5
jim2012Chords\Guitar_Only\dm\dm128.wav,dm,5
jim2012Chords\Guitar_Only\dm\dm129.wav,dm,5
jim2012Chords\Guitar_Only\dm\dm13.wav,dm,5
jim2012Chords\Guitar_Only\dm\dm130.wav,dm,5
jim2012Chords\Guitar_Only\dm\dm131.wav,dm,5
jim2012Chords\Guitar_Only\dm\dm132.wav,dm,5
jim2012Chords\Guitar_Only\dm\dm133.wav,dm,5
jim2012Chords\Guitar_Only\dm\dm134.wav,dm,5
jim2012Chords\Guitar_Only\dm\dm135.wav,dm,5
jim2012Chords\Guitar_Only\dm\dm136.wav,dm,5
jim2012Chords\Guitar_Only\dm\dm137.wav,dm,5
jim2012Chords\Guitar_Only\dm\dm138.wav,dm,5
jim2012Chords\Guitar_Only\dm\dm139.wav,dm,5
jim2012Chords\Guitar_Only\dm\dm14.wav,dm,5
jim2012Chords\Guitar_Only\dm\dm140.wav,dm,5
jim2012Chords\Guitar_Only\dm\dm141.wav,dm,5
jim2012Chords\Guitar_Only\dm\dm142.wav,dm,5
jim2012Chords\Guitar_Only\dm\dm143.wav,dm,5
jim2012Chords\Guitar_Only\dm\dm144.wav,dm,5
jim2012Chords\Guitar_Only\dm\dm145.wav,dm,5
jim2012Chords\Guitar_Only\dm\dm146.wav,dm,5
jim2012Chords\Guitar_Only\dm\dm147.wav,dm,5
jim2012Chords\Guitar_Only\dm\dm148.wav,dm,5
jim2012Chords\Guitar_Only\dm\dm149.wav,dm,5
jim2012Chords\Guitar_Only\dm\dm15.wav,dm,5
jim2012Chords\Guitar_Only\dm\dm150.wav,dm,5
jim2012Chords\Guitar_Only\dm\dm151.wav,dm,5
jim2012Chords\Guitar_Only\dm\dm152.wav,dm,5
jim2012Chords\Guitar_Only\dm\dm153.wav,dm,5
jim2012Chords\Guitar_Only\dm\dm154.wav,dm,5
jim2012Chords\Guitar_Only\dm\dm155.wav,dm,5
jim2012Chords\Guitar_Only\dm\dm156.wav,dm,5
jim2012Chords\Guitar_Only\dm\dm157.wav,dm,5
jim2012Chords\Guitar_Only\dm\dm158.wav,dm,5
jim2012Chords\Guitar_Only\dm\dm159.wav,dm,5
jim2012Chords\Guitar_Only\dm\dm16.wav,dm,5
jim2012Chords\Guitar_Only\dm\dm160.wav,dm,5
jim2012Chords\Guitar_Only\dm\dm161.wav,dm,5
jim2012Chords\Guitar_Only\dm\dm162.wav,dm,5
jim2012Chords\Guitar_Only\dm\dm163.wav,dm,5
jim2012Chords\Guitar_Only\dm\dm164.wav,dm,5
jim2012Chords\Guitar_Only\dm\dm165.wav,dm,5
jim2012Chords\Guitar_Only\dm\dm166.wav,dm,5
jim2012Chords\Guitar_Only\dm\dm167.wav,dm,5
jim2012Chords\Guitar_Only\dm\dm168.wav,dm,5
jim2012Chords\Guitar_Only\dm\dm169.wav,dm,5
jim2012Chords\Guitar_Only\dm\dm17.wav,dm,5
jim2012Chords\Guitar_Only\dm\dm170.wav,dm,5
jim2012Chords\Guitar_Only\dm\dm171.wav,dm,5
jim2012Chords\Guitar_Only\dm\dm172.wav,dm,5
jim2012Chords\Guitar_Only\dm\dm173.wav,dm,5
jim2012Chords\Guitar_Only\dm\dm174.wav,dm,5
jim2012Chords\Guitar_Only\dm\dm175.wav,dm,5
jim2012Chords\Guitar_Only\dm\dm176.wav,dm,5
jim2012Chords\Guitar_Only\dm\dm177.wav,dm,5
jim2012Chords\Guitar_Only\dm\dm178.wav,dm,5
jim2012Chords\Guitar_Only\dm\dm179.wav,dm,5
jim2012Chords\Guitar_Only\dm\dm18.wav,dm,5
jim2012Chords\Guitar_Only\dm\dm180.wav,dm,5
jim2012Chords\Guitar_Only\dm\dm181.wav,dm,5
jim2012Chords\Guitar_Only\dm\dm182.wav,dm,5
jim2012Chords\Guitar_Only\dm\dm183.wav,dm,5
jim2012Chords\Guitar_Only\dm\dm184.wav,dm,5
jim2012Chords\Guitar_Only\dm\dm185.wav,dm,5
jim2012Chords\Guitar_Only\dm\dm186.wav,dm,5
jim2012Chords\Guitar_Only\dm\dm187.wav,dm,5
jim2012Chords\Guitar_Only\dm\dm188.wav,dm,5
jim2012Chords\Guitar_Only\dm\dm189.wav,dm,5
jim2012Chords\Guitar_Only\dm\dm19.wav,dm,5
jim2012Chords\Guitar_Only\dm\dm190.wav,dm,5
jim2012Chords\Guitar_Only\dm\dm191.wav,dm,5
jim2012Chords\Guitar_Only\dm\dm192.wav,dm,5
jim2012Chords\Guitar_Only\dm\dm193.wav,dm,5
jim2012Chords\Guitar_Only\dm\dm194.wav,dm,5
jim2012Chords\Guitar_Only\dm\dm195.wav,dm,5
jim2012Chords\Guitar_Only\dm\dm196.wav,dm,5
jim2012Chords\Guitar_Only\dm\dm197.wav,dm,5
jim2012Chords\Guitar_Only\dm\dm198.wav,dm,5
jim2012Chords\Guitar_Only\dm\dm199.wav,dm,5
jim2012Chords\Guitar_Only\dm\dm2.wav,dm,5
jim2012Chords\Guitar_Only\dm\dm20.wav,dm,5
jim2012Chords\Guitar_Only\dm\dm200.wav,dm,5
jim2012Chords\Guitar_Only\dm\dm21.wav,dm,5
jim2012Chords\Guitar_Only\dm\dm22.wav,dm,5
jim2012Chords\Guitar_Only\dm\dm23.wav,dm,5
jim2012Chords\Guitar_Only\dm\dm24.wav,dm,5
jim2012Chords\Guitar_Only\dm\dm25.wav,dm,5
jim2012Chords\Guitar_Only\dm\dm26.wav,dm,5
jim2012Chords\Guitar_Only\dm\dm27.wav,dm,5
jim2012Chords\Guitar_Only\dm\dm28.wav,dm,5
jim2012Chords\Guitar_Only\dm\dm29.wav,dm,5
jim2012Chords\Guitar_Only\dm\dm3.wav,dm,5
jim2012Chords\Guitar_Only\dm\dm30.wav,dm,5
jim2012Chords\Guitar_Only\dm\dm31.wav,dm,5
jim2012Chords\Guitar_Only\dm\dm32.wav,dm,5
jim2012Chords\Guitar_Only\dm\dm33.wav,dm,5
jim2012Chords\Guitar_Only\dm\dm34.wav,dm,5
jim2012Chords\Guitar_Only\dm\dm35.wav,dm,5
jim2012Chords\Guitar_Only\dm\dm36.wav,dm,5
jim2012Chords\Guitar_Only\dm\dm37.wav,dm,5
jim2012Chords\Guitar_Only\dm\dm38.wav,dm,5
jim2012Chords\Guitar_Only\dm\dm39.wav,dm,5
jim2012Chords\Guitar_Only\dm\dm4.wav,dm,5
jim2012Chords\Guitar_Only\dm\dm40.wav,dm,5
jim2012Chords\Guitar_Only\dm\dm41.wav,dm,5
jim2012Chords\Guitar_Only\dm\dm42.wav,dm,5
jim2012Chords\Guitar_Only\dm\dm43.wav,dm,5
jim2012Chords\Guitar_Only\dm\dm44.wav,dm,5
jim2012Chords\Guitar_Only\dm\dm45.wav,dm,5
jim2012Chords\Guitar_Only\dm\dm46.wav,dm,5
jim2012Chords\Guitar_Only\dm\dm47.wav,dm,5
jim2012Chords\Guitar_Only\dm\dm48.wav,dm,5
jim2012Chords\Guitar_Only\dm\dm49.wav,dm,5
jim2012Chords\Guitar_Only\dm\dm5.wav,dm,5
jim2012Chords\Guitar_Only\dm\dm50.wav,dm,5
jim2012Chords\Guitar_Only\dm\dm51.wav,dm,5
jim2012Chords\Guitar_Only\dm\dm52.wav,dm,5
jim2012Chords\Guitar_Only\dm\dm53.wav,dm,5
jim2012Chords\Guitar_Only\dm\dm54.wav,dm,5
jim2012Chords\Guitar_Only\dm\dm55.wav,dm,5
jim2012Chords\Guitar_Only\dm\dm56.wav,dm,5
jim2012Chords\Guitar_Only\dm\dm57.wav,dm,5
jim2012Chords\Guitar_Only\dm\dm58.wav,dm,5
jim2012Chords\Guitar_Only\dm\dm59.wav,dm,5
jim2012Chords\Guitar_Only\dm\dm6.wav,dm,5
jim2012Chords\Guitar_Only\dm\dm60.wav,dm,5
jim2012Chords\Guitar_Only\dm\dm61.wav,dm,5
jim2012Chords\Guitar_Only\dm\dm62.wav,dm,5
jim2012Chords\Guitar_Only\dm\dm63.wav,dm,5
jim2012Chords\Guitar_Only\dm\dm64.wav,dm,5
jim2012Chords\Guitar_Only\dm\dm65.wav,dm,5
jim2012Chords\Guitar_Only\dm\dm66.wav,dm,5
jim2012Chords\Guitar_Only\dm\dm67.wav,dm,5
jim2012Chords\Guitar_Only\dm\dm68.wav,dm,5
jim2012Chords\Guitar_Only\dm\dm69.wav,dm,5
jim2012Chords\Guitar_Only\dm\dm7.wav,dm,5
jim2012Chords\Guitar_Only\dm\dm70.wav,dm,5
jim2012Chords\Guitar_Only\dm\dm71.wav,dm,5
jim2012Chords\Guitar_Only\dm\dm72.wav,dm,5
jim2012Chords\Guitar_Only\dm\dm73.wav,dm,5
jim2012Chords\Guitar_Only\dm\dm74.wav,dm,5
jim2012Chords\Guitar_Only\dm\dm75.wav,dm,5
jim2012Chords\Guitar_Only\dm\dm76.wav,dm,5
jim2012Chords\Guitar_Only\dm\dm77.wav,dm,5
jim2012Chords\Guitar_Only\dm\dm78.wav,dm,5
jim2012Chords\Guitar_Only\dm\dm79.wav,dm,5
jim2012Chords\Guitar_Only\dm\dm8.wav,dm,5
jim2012Chords\Guitar_Only\dm\dm80.wav,dm,5
jim2012Chords\Guitar_Only\dm\dm81.wav,dm,5
jim2012Chords\Guitar_Only\dm\dm82.wav,dm,5
jim2012Chords\Guitar_Only\dm\dm83.wav,dm,5
jim2012Chords\Guitar_Only\dm\dm84.wav,dm,5
jim2012Chords\Guitar_Only\dm\dm85.wav,dm,5
jim2012Chords\Guitar_Only\dm\dm86.wav,dm,5
jim2012Chords\Guitar_Only\dm\dm87.wav,dm,5
jim2012Chords\Guitar_Only\dm\dm88.wav,dm,5
jim2012Chords\Guitar_Only\dm\dm89.wav,dm,5
jim2012Chords\Guitar_Only\dm\dm9.wav,dm,5
jim2012Chords\Guitar_Only\dm\dm90.wav,dm,5
jim2012Chords\Guitar_Only\dm\dm91.wav,dm,5
jim2012Chords\Guitar_Only\dm\dm92.wav,dm,5
jim2012Chords\Guitar_Only\dm\dm93.wav,dm,5
jim2012Chords\Guitar_Only\dm\dm94.wav,dm,5
jim2012Chords\Guitar_Only\dm\dm95.wav,dm,5
jim2012Chords\Guitar_Only\dm\dm96.wav,dm,5
jim2012Chords\Guitar_Only\dm\dm97.wav,dm,5
jim2012Chords\Guitar_Only\dm\dm98.wav,dm,5
jim2012Chords\Guitar_Only\dm\dm99.wav,dm,5
jim2012Chords\Guitar_Only\e\e1.wav,e,6
jim2012Chords\Guitar_Only\e\e10.wav,e,6
jim2012Chords\Guitar_Only\e\e100.wav,e,6
jim2012Chords\Guitar_Only\e\e101.wav,e,6
jim2012Chords\Guitar_Only\e\e102.wav,e,6
jim2012Chords\Guitar_Only\e\e103.wav,e,6
jim2012Chords\Guitar_Only\e\e104.wav,e,6
jim2012Chords\Guitar_Only\e\e105.wav,e,6
jim2012Chords\Guitar_Only\e\e106.wav,e,6
jim2012Chords\Guitar_Only\e\e107.wav,e,6
jim2012Chords\Guitar_Only\e\e108.wav,e,6
jim2012Chords\Guitar_Only\e\e109.wav,e,6
jim2012Chords\Guitar_Only\e\e11.wav,e,6
jim2012Chords\Guitar_Only\e\e110.wav,e,6
jim2012Chords\Guitar_Only\e\e111.wav,e,6
jim2012Chords\Guitar_Only\e\e112.wav,e,6
jim2012Chords\Guitar_Only\e\e113.wav,e,6
jim2012Chords\Guitar_Only\e\e114.wav,e,6
jim2012Chords\Guitar_Only\e\e115.wav,e,6
jim2012Chords\Guitar_Only\e\e116.wav,e,6
jim2012Chords\Guitar_Only\e\e117.wav,e,6
jim2012Chords\Guitar_Only\e\e118.wav,e,6
jim2012Chords\Guitar_Only\e\e119.wav,e,6
jim2012Chords\Guitar_Only\e\e12.wav,e,6
jim2012Chords\Guitar_Only\e\e120.wav,e,6
jim2012Chords\Guitar_Only\e\e121.wav,e,6
jim2012Chords\Guitar_Only\e\e122.wav,e,6
jim2012Chords\Guitar_Only\e\e123.wav,e,6
jim2012Chords\Guitar_Only\e\e124.wav,e,6
jim2012Chords\Guitar_Only\e\e125.wav,e,6
jim2012Chords\Guitar_Only\e\e126.wav,e,6
jim2012Chords\Guitar_Only\e\e127.wav,e,6
jim2012Chords\Guitar_Only\e\e128.wav,e,6
jim2012Chords\Guitar_Only\e\e129.wav,e,6
jim2012Chords\Guitar_Only\e\e13.wav,e,6
jim2012Chords\Guitar_Only\e\e130.wav,e,6
jim2012Chords\Guitar_Only\e\e131.wav,e,6
jim2012Chords\Guitar_Only\e\e132.wav,e,6
jim2012Chords\Guitar_Only\e\e133.wav,e,6
jim2012Chords\Guitar_Only\e\e134.wav,e,6
jim2012Chords\Guitar_Only\e\e135.wav,e,6
jim2012Chords\Guitar_Only\e\e136.wav,e,6
jim2012Chords\Guitar_Only\e\e137.wav,e,6
jim2012Chords\Guitar_Only\e\e138.wav,e,6
jim2012Chords\Guitar_Only\e\e139.wav,e,6
jim2012Chords\Guitar_Only\e\e14.wav,e,6
jim2012Chords\Guitar_Only\e\e140.wav,e,6
jim2012Chords\Guitar_Only\e\e141.wav,e,6
jim2012Chords\Guitar_Only\e\e142.wav,e,6
jim2012Chords\Guitar_Only\e\e143.wav,e,6
jim2012Chords\Guitar_Only\e\e144.wav,e,6
jim2012Chords\Guitar_Only\e\e145.wav,e,6
jim2012Chords\Guitar_Only\e\e146.wav,e,6
jim2012Chords\Guitar_Only\e\e147.wav,e,6
jim2012Chords\Guitar_Only\e\e148.wav,e,6
jim2012Chords\Guitar_Only\e\e149.wav,e,6
jim2012Chords\Guitar_Only\e\e15.wav,e,6
jim2012Chords\Guitar_Only\e\e150.wav,e,6
jim2012Chords\Guitar_Only\e\e151.wav,e,6
jim2012Chords\Guitar_Only\e\e152.wav,e,6
jim2012Chords\Guitar_Only\e\e153.wav,e,6
jim2012Chords\Guitar_Only\e\e154.wav,e,6
jim2012Chords\Guitar_Only\e\e155.wav,e,6
jim2012Chords\Guitar_Only\e\e156.wav,e,6
jim2012Chords\Guitar_Only\e\e157.wav,e,6
jim2012Chords\Guitar_Only\e\e158.wav,e,6
jim2012Chords\Guitar_Only\e\e159.wav,e,6
jim2012Chords\Guitar_Only\e\e16.wav,e,6
jim2012Chords\Guitar_Only\e\e160.wav,e,6
jim2012Chords\Guitar_Only\e\e161.wav,e,6
jim2012Chords\Guitar_Only\e\e162.wav,e,6
jim2012Chords\Guitar_Only\e\e163.wav,e,6
jim2012Chords\Guitar_Only\e\e164.wav,e,6
jim2012Chords\Guitar_Only\e\e165.wav,e,6
jim2012Chords\Guitar_Only\e\e166.wav,e,6
jim2012Chords\Guitar_Only\e\e167.wav,e,6
jim2012Chords\Guitar_Only\e\e168.wav,e,6
jim2012Chords\Guitar_Only\e\e169.wav,e,6
jim2012Chords\Guitar_Only\e\e17.wav,e,6
jim2012Chords\Guitar_Only\e\e170.wav,e,6
jim2012Chords\Guitar_Only\e\e171.wav,e,6
jim2012Chords\Guitar_Only\e\e172.wav,e,6
jim2012Chords\Guitar_Only\e\e173.wav,e,6
jim2012Chords\Guitar_Only\e\e174.wav,e,6
jim2012Chords\Guitar_Only\e\e175.wav,e,6
jim2012Chords\Guitar_Only\e\e176.wav,e,6
jim2012Chords\Guitar_Only\e\e177.wav,e,6
jim2012Chords\Guitar_Only\e\e178.wav,e,6
jim2012Chords\Guitar_Only\e\e179.wav,e,6
jim2012Chords\Guitar_Only\e\e18.wav,e,6
jim2012Chords\Guitar_Only\e\e180.wav,e,6
jim2012Chords\Guitar_Only\e\e181.wav,e,6
jim2012Chords\Guitar_Only\e\e182.wav,e,6
jim2012Chords\Guitar_Only\e\e183.wav,e,6
jim2012Chords\Guitar_Only\e\e184.wav,e,6
jim2012Chords\Guitar_Only\e\e185.wav,e,6
jim2012Chords\Guitar_Only\e\e186.wav,e,6
jim2012Chords\Guitar_Only\e\e187.wav,e,6
jim2012Chords\Guitar_Only\e\e188.wav,e,6
jim2012Chords\Guitar_Only\e\e189.wav,e,6
jim2012Chords\Guitar_Only\e\e19.wav,e,6
jim2012Chords\Guitar_Only\e\e190.wav,e,6
jim2012Chords\Guitar_Only\e\e191.wav,e,6
jim2012Chords\Guitar_Only\e\e192.wav,e,6
jim2012Chords\Guitar_Only\e\e193.wav,e,6
jim2012Chords\Guitar_Only\e\e194.wav,e,6
jim2012Chords\Guitar_Only\e\e195.wav,e,6
jim2012Chords\Guitar_Only\e\e196.wav,e,6
jim2012Chords\Guitar_Only\e\e197.wav,e,6
jim2012Chords\Guitar_Only\e\e198.wav,e,6
jim2012Chords\Guitar_Only\e\e199.wav,e,6
jim2012Chords\Guitar_Only\e\e2.wav,e,6
jim2012Chords\Guitar_Only\e\e20.wav,e,6
jim2012Chords\Guitar_Only\e\e200.wav,e,6
jim2012Chords\Guitar_Only\e\e21.wav,e,6
jim2012Chords\Guitar_Only\e\e22.wav,e,6
jim2012Chords\Guitar_Only\e\e23.wav,e,6
jim2012Chords\Guitar_Only\e\e24.wav,e,6
jim2012Chords\Guitar_Only\e\e25.wav,e,6
jim2012Chords\Guitar_Only\e\e26.wav,e,6
jim2012Chords\Guitar_Only\e\e27.wav,e,6
jim2012Chords\Guitar_Only\e\e28.wav,e,6
jim2012Chords\Guitar_Only\e\e29.wav,e,6
jim2012Chords\Guitar_Only\e\e3.wav,e,6
jim2012Chords\Guitar_Only\e\e30.wav,e,6
jim2012Chords\Guitar_Only\e\e31.wav,e,6
jim2012Chords\Guitar_Only\e\e32.wav,e,6
jim2012Chords\Guitar_Only\e\e33.wav,e,6
jim2012Chords\Guitar_Only\e\e34.wav,e,6
jim2012Chords\Guitar_Only\e\e35.wav,e,6
jim2012Chords\Guitar_Only\e\e36.wav,e,6
jim2012Chords\Guitar_Only\e\e37.wav,e,6
jim2012Chords\Guitar_Only\e\e38.wav,e,6
jim2012Chords\Guitar_Only\e\e39.wav,e,6
jim2012Chords\Guitar_Only\e\e4.wav,e,6
jim2012Chords\Guitar_Only\e\e40.wav,e,6
jim2012Chords\Guitar_Only\e\e41.wav,e,6
jim2012Chords\Guitar_Only\e\e42.wav,e,6
jim2012Chords\Guitar_Only\e\e43.wav,e,6
jim2012Chords\Guitar_Only\e\e44.wav,e,6
jim2012Chords\Guitar_Only\e\e45.wav,e,6
jim2012Chords\Guitar_Only\e\e46.wav,e,6
jim2012Chords\Guitar_Only\e\e47.wav,e,6
jim2012Chords\Guitar_Only\e\e48.wav,e,6
jim2012Chords\Guitar_Only\e\e49.wav,e,6
jim2012Chords\Guitar_Only\e\e5.wav,e,6
jim2012Chords\Guitar_Only\e\e50.wav,e,6
jim2012Chords\Guitar_Only\e\e51.wav,e,6
jim2012Chords\Guitar_Only\e\e52.wav,e,6
jim2012Chords\Guitar_Only\e\e53.wav,e,6
jim2012Chords\Guitar_Only\e\e54.wav,e,6
jim2012Chords\Guitar_Only\e\e55.wav,e,6
jim2012Chords\Guitar_Only\e\e56.wav,e,6
jim2012Chords\Guitar_Only\e\e57.wav,e,6
jim2012Chords\Guitar_Only\e\e58.wav,e,6
jim2012Chords\Guitar_Only\e\e59.wav,e,6
jim2012Chords\Guitar_Only\e\e6.wav,e,6
jim2012Chords\Guitar_Only\e\e60.wav,e,6
jim2012Chords\Guitar_Only\e\e61.wav,e,6
jim2012Chords\Guitar_Only\e\e62.wav,e,6
jim2012Chords\Guitar_Only\e\e63.wav,e,6
jim2012Chords\Guitar_Only\e\e64.wav,e,6
jim2012Chords\Guitar_Only\e\e65.wav,e,6
jim2012Chords\Guitar_Only\e\e66.wav,e,6
jim2012Chords\Guitar_Only\e\e67.wav,e,6
jim2012Chords\Guitar_Only\e\e68.wav,e,6
jim2012Chords\Guitar_Only\e\e69.wav,e,6
jim2012Chords\Guitar_Only\e\e7.wav,e,6
jim2012Chords\Guitar_Only\e\e70.wav,e,6
jim2012Chords\Guitar_Only\e\e71.wav,e,6
jim2012Chords\Guitar_Only\e\e72.wav,e,6
jim2012Chords\Guitar_Only\e\e73.wav,e,6
jim2012Chords\Guitar_Only\e\e74.wav,e,6
jim2012Chords\Guitar_Only\e\e75.wav,e,6
jim2012Chords\Guitar_Only\e\e76.wav,e,6
jim2012Chords\Guitar_Only\e\e77.wav,e,6
jim2012Chords\Guitar_Only\e\e78.wav,e,6
jim2012Chords\Guitar_Only\e\e79.wav,e,6
jim2012Chords\Guitar_Only\e\e8.wav,e,6
jim2012Chords\Guitar_Only\e\e80.wav,e,6
jim2012Chords\Guitar_Only\e\e81.wav,e,6
jim2012Chords\Guitar_Only\e\e82.wav,e,6
jim2012Chords\Guitar_Only\e\e83.wav,e,6
jim2012Chords\Guitar_Only\e\e84.wav,e,6
jim2012Chords\Guitar_Only\e\e85.wav,e,6
jim2012Chords\Guitar_Only\e\e86.wav,e,6
jim2012Chords\Guitar_Only\e\e87.wav,e,6
jim2012Chords\Guitar_Only\e\e88.wav,e,6
jim2012Chords\Guitar_Only\e\e89.wav,e,6
jim2012Chords\Guitar_Only\e\e9.wav,e,6
jim2012Chords\Guitar_Only\e\e90.wav,e,6
jim2012Chords\Guitar_Only\e\e91.wav,e,6
jim2012Chords\Guitar_Only\e\e92.wav,e,6
jim2012Chords\Guitar_Only\e\e93.wav,e,6
jim2012Chords\Guitar_Only\e\e94.wav,e,6
jim2012Chords\Guitar_Only\e\e95.wav,e,6
jim2012Chords\Guitar_Only\e\e96.wav,e,6
jim2012Chords\Guitar_Only\e\e97.wav,e,6
jim2012Chords\Guitar_Only\e\e98.wav,e,6
jim2012Chords\Guitar_Only\e\e99.wav,e,6
jim2012Chords\Guitar_Only\em\em1.wav,em,7
jim2012Chords\Guitar_Only\em\em10.wav,em,7
jim2012Chords\Guitar_Only\em\em100.wav,em,7
jim2012Chords\Guitar_Only\em\em101.wav,em,7
jim2012Chords\Guitar_Only\em\em102.wav,em,7
jim2012Chords\Guitar_Only\em\em103.wav,em,7
jim2012Chords\Guitar_Only\em\em104.wav,em,7
jim2012Chords\Guitar_Only\em\em105.wav,em,7
jim2012Chords\Guitar_Only\em\em106.wav,em,7
jim2012Chords\Guitar_Only\em\em107.wav,em,7
jim2012Chords\Guitar_Only\em\em108.wav,em,7
jim2012Chords\Guitar_Only\em\em109.wav,em,7
jim2012Chords\Guitar_Only\em\em11.wav,em,7
jim2012Chords\Guitar_Only\em\em110.wav,em,7
jim2012Chords\Guitar_Only\em\em111.wav,em,7
jim2012Chords\Guitar_Only\em\em112.wav,em,7
jim2012Chords\Guitar_Only\em\em113.wav,em,7
jim2012Chords\Guitar_Only\em\em114.wav,em,7
jim2012Chords\Guitar_Only\em\em115.wav,em,7
jim2012Chords\Guitar_Only\em\em116.wav,em,7
jim2012Chords\Guitar_Only\em\em117.wav,em,7
jim2012Chords\Guitar_Only\em\em118.wav,em,7
jim2012Chords\Guitar_Only\em\em119.wav,em,7
jim2012Chords\Guitar_Only\em\em12.wav,em,7
jim2012Chords\Guitar_Only\em\em120.wav,em,7
jim2012Chords\Guitar_Only\em\em121.wav,em,7
jim2012Chords\Guitar_Only\em\em122.wav,em,7
jim2012Chords\Guitar_Only\em\em123.wav,em,7
jim2012Chords\Guitar_Only\em\em124.wav,em,7
jim2012Chords\Guitar_Only\em\em125.wav,em,7
jim2012Chords\Guitar_Only\em\em126.wav,em,7
jim2012Chords\Guitar_Only\em\em127.wav,em,7
jim2012Chords\Guitar_Only\em\em128.wav,em,7
jim2012Chords\Guitar_Only\em\em129.wav,em,7
jim2012Chords\Guitar_Only\em\em13.wav,em,7
jim2012Chords\Guitar_Only\em\em130.wav,em,7
jim2012Chords\Guitar_Only\em\em131.wav,em,7
jim2012Chords\Guitar_Only\em\em132.wav,em,7
jim2012Chords\Guitar_Only\em\em133.wav,em,7
jim2012Chords\Guitar_Only\em\em134.wav,em,7
jim2012Chords\Guitar_Only\em\em135.wav,em,7
jim2012Chords\Guitar_Only\em\em136.wav,em,7
jim2012Chords\Guitar_Only\em\em137.wav,em,7
jim2012Chords\Guitar_Only\em\em138.wav,em,7
jim2012Chords\Guitar_Only\em\em139.wav,em,7
jim2012Chords\Guitar_Only\em\em14.wav,em,7
jim2012Chords\Guitar_Only\em\em140.wav,em,7
jim2012Chords\Guitar_Only\em\em141.wav,em,7
jim2012Chords\Guitar_Only\em\em142.wav,em,7
jim2012Chords\Guitar_Only\em\em143.wav,em,7
jim2012Chords\Guitar_Only\em\em144.wav,em,7
jim2012Chords\Guitar_Only\em\em145.wav,em,7
jim2012Chords\Guitar_Only\em\em146.wav,em,7
jim2012Chords\Guitar_Only\em\em147.wav,em,7
jim2012Chords\Guitar_Only\em\em148.wav,em,7
jim2012Chords\Guitar_Only\em\em149.wav,em,7
jim2012Chords\Guitar_Only\em\em15.wav,em,7
jim2012Chords\Guitar_Only\em\em150.wav,em,7
jim2012Chords\Guitar_Only\em\em151.wav,em,7
jim2012Chords\Guitar_Only\em\em152.wav,em,7
jim2012Chords\Guitar_Only\em\em153.wav,em,7
jim2012Chords\Guitar_Only\em\em154.wav,em,7
jim2012Chords\Guitar_Only\em\em155.wav,em,7
jim2012Chords\Guitar_Only\em\em156.wav,em,7
jim2012Chords\Guitar_Only\em\em157.wav,em,7
jim2012Chords\Guitar_Only\em\em158.wav,em,7
jim2012Chords\Guitar_Only\em\em159.wav,em,7
jim2012Chords\Guitar_Only\em\em16.wav,em,7
jim2012Chords\Guitar_Only\em\em160.wav,em,7
jim2012Chords\Guitar_Only\em\em161.wav,em,7
jim2012Chords\Guitar_Only\em\em162.wav,em,7
jim2012Chords\Guitar_Only\em\em163.wav,em,7
jim2012Chords\Guitar_Only\em\em164.wav,em,7
jim2012Chords\Guitar_Only\em\em165.wav,em,7
jim2012Chords\Guitar_Only\em\em166.wav,em,7
jim2012Chords\Guitar_Only\em\em167.wav,em,7
jim2012Chords\Guitar_Only\em\em168.wav,em,7
jim2012Chords\Guitar_Only\em\em169.wav,em,7
jim2012Chords\Guitar_Only\em\em17.wav,em,7
jim2012Chords\Guitar_Only\em\em170.wav,em,7
jim2012Chords\Guitar_Only\em\em171.wav,em,7
jim2012Chords\Guitar_Only\em\em172.wav,em,7
jim2012Chords\Guitar_Only\em\em173.wav,em,7
jim2012Chords\Guitar_Only\em\em174.wav,em,7
jim2012Chords\Guitar_Only\em\em175.wav,em,7
jim2012Chords\Guitar_Only\em\em176.wav,em,7
jim2012Chords\Guitar_Only\em\em177.wav,em,7
jim2012Chords\Guitar_Only\em\em178.wav,em,7
jim2012Chords\Guitar_Only\em\em179.wav,em,7
jim2012Chords\Guitar_Only\em\em18.wav,em,7
jim2012Chords\Guitar_Only\em\em180.wav,em,7
jim2012Chords\Guitar_Only\em\em181.wav,em,7
jim2012Chords\Guitar_Only\em\em182.wav,em,7
jim2012Chords\Guitar_Only\em\em183.wav,em,7
jim2012Chords\Guitar_Only\em\em184.wav,em,7
jim2012Chords\Guitar_Only\em\em185.wav,em,7
jim2012Chords\Guitar_Only\em\em186.wav,em,7
jim2012Chords\Guitar_Only\em\em187.wav,em,7
jim2012Chords\Guitar_Only\em\em188.wav,em,7
jim2012Chords\Guitar_Only\em\em189.wav,em,7
jim2012Chords\Guitar_Only\em\em19.wav,em,7
jim2012Chords\Guitar_Only\em\em190.wav,em,7
jim2012Chords\Guitar_Only\em\em191.wav,em,7
jim2012Chords\Guitar_Only\em\em192.wav,em,7
jim2012Chords\Guitar_Only\em\em193.wav,em,7
jim2012Chords\Guitar_Only\em\em194.wav,em,7
jim2012Chords\Guitar_Only\em\em195.wav,em,7
jim2012Chords\Guitar_Only\em\em196.wav,em,7
jim2012Chords\Guitar_Only\em\em197.wav,em,7
jim2012Chords\Guitar_Only\em\em198.wav,em,7
jim2012Chords\Guitar_Only\em\em199.wav,em,7
jim2012Chords\Guitar_Only\em\em2.wav,em,7
jim2012Chords\Guitar_Only\em\em20.wav,em,7
jim2012Chords\Guitar_Only\em\em200.wav,em,7
jim2012Chords\Guitar_Only\em\em21.wav,em,7
jim2012Chords\Guitar_Only\em\em22.wav,em,7
jim2012Chords\Guitar_Only\em\em23.wav,em,7
jim2012Chords\Guitar_Only\em\em24.wav,em,7
jim2012Chords\Guitar_Only\em\em25.wav,em,7
jim2012Chords\Guitar_Only\em\em26.wav,em,7
jim2012Chords\Guitar_Only\em\em27.wav,em,7
jim2012Chords\Guitar_Only\em\em28.wav,em,7
jim2012Chords\Guitar_Only\em\em29.wav,em,7
jim2012Chords\Guitar_Only\em\em3.wav,em,7
jim2012Chords\Guitar_Only\em\em30.wav,em,7
jim2012Chords\Guitar_Only\em\em31.wav,em,7
jim2012Chords\Guitar_Only\em\em32.wav,em,7
jim2012Chords\Guitar_Only\em\em33.wav,em,7
jim2012Chords\Guitar_Only\em\em34.wav,em,7
jim2012Chords\Guitar_Only\em\em35.wav,em,7
jim2012Chords\Guitar_Only\em\em36.wav,em,7
jim2012Chords\Guitar_Only\em\em37.wav,em,7
jim2012Chords\Guitar_Only\em\em38.wav,em,7
jim2012Chords\Guitar_Only\em\em39.wav,em,7
jim2012Chords\Guitar_Only\em\em4.wav,em,7
jim2012Chords\Guitar_Only\em\em40.wav,em,7
jim2012Chords\Guitar_Only\em\em41.wav,em,7
jim2012Chords\Guitar_Only\em\em42.wav,em,7
jim2012Chords\Guitar_Only\em\em43.wav,em,7
jim2012Chords\Guitar_Only\em\em44.wav,em,7
jim2012Chords\Guitar_Only\em\em45.wav,em,7
jim2012Chords\Guitar_Only\em\em46.wav,em,7
jim2012Chords\Guitar_Only\em\em47.wav,em,7
jim2012Chords\Guitar_Only\em\em48.wav,em,7
jim2012Chords\Guitar_Only\em\em49.wav,em,7
jim2012Chords\Guitar_Only\em\em5.wav,em,7
jim2012Chords\Guitar_Only\em\em50.wav,em,7
jim2012Chords\Guitar_Only\em\em51.wav,em,7
jim2012Chords\Guitar_Only\em\em52.wav,em,7
jim2012Chords\Guitar_Only\em\em53.wav,em,7
jim2012Chords\Guitar_Only\em\em54.wav,em,7
jim2012Chords\Guitar_Only\em\em55.wav,em,7
jim2012Chords\Guitar_Only\em\em56.wav,em,7
jim2012Chords\Guitar_Only\em\em57.wav,em,7
jim2012Chords\Guitar_Only\em\em58.wav,em,7
jim2012Chords\Guitar_Only\em\em59.wav,em,7
jim2012Chords\Guitar_Only\em\em6.wav,em,7
jim2012Chords\Guitar_Only\em\em60.wav,em,7
jim2012Chords\Guitar_Only\em\em61.wav,em,7
jim2012Chords\Guitar_Only\em\em62.wav,em,7
jim2012Chords\Guitar_Only\em\em63.wav,em,7
jim2012Chords\Guitar_Only\em\em64.wav,em,7
jim2012Chords\Guitar_Only\em\em65.wav,em,7
jim2012Chords\Guitar_Only\em\em66.wav,em,7
jim2012Chords\Guitar_Only\em\em67.wav,em,7
jim2012Chords\Guitar_Only\em\em68.wav,em,7
jim2012Chords\Guitar_Only\em\em69.wav,em,7
jim2012Chords\Guitar_Only\em\em7.wav,em,7
jim2012Chords\Guitar_Only\em\em70.wav,em,7
jim2012Chords\Guitar_Only\em\em71.wav,em,7
jim2012Chords\Guitar_Only\em\em72.wav,em,7
jim2012Chords\Guitar_Only\em\em73.wav,em,7
jim2012Chords\Guitar_Only\em\em74.wav,em,7
jim2012Chords\Guitar_Only\em\em75.wav,em,7
jim2012Chords\Guitar_Only\em\em76.wav,em,7
jim2012Chords\Guitar_Only\em\em77.wav,em,7
jim2012Chords\Guitar_Only\em\em78.wav,em,7
jim2012Chords\Guitar_Only\em\em79.wav,em,7
jim2012Chords\Guitar_Only\em\em8.wav,em,7
jim2012Chords\Guitar_Only\em\em80.wav,em,7
jim2012Chords\Guitar_Only\em\em81.wav,em,7
jim2012Chords\Guitar_Only\em\em82.wav,em,7
jim2012Chords\Guitar_Only\em\em83.wav,em,7
jim2012Chords\Guitar_Only\em\em84.wav,em,7
jim2012Chords\Guitar_Only\em\em85.wav,em,7
jim2012Chords\Guitar_Only\em\em86.wav,em,7
jim2012Chords\Guitar_Only\em\em87.wav,em,7
jim2012Chords\Guitar_Only\em\em88.wav,em,7
jim2012Chords\Guitar_Only\em\em89.wav,em,7
jim2012Chords\Guitar_Only\em\em9.wav,em,7
jim2012Chords\Guitar_Only\em\em90.wav,em,7
jim2012Chords\Guitar_Only\em\em91.wav,em,7
jim2012Chords\Guitar_Only\em\em92.wav,em,7
jim2012Chords\Guitar_Only\em\em93.wav,em,7
jim2012Chords\Guitar_Only\em\em94.wav,em,7
jim2012Chords\Guitar_Only\em\em95.wav,em,7
jim2012Chords\Guitar_Only\em\em96.wav,em,7
jim2012Chords\Guitar_Only\em\em97.wav,em,7
jim2012Chords\Guitar_Only\em\em98.wav,em,7
jim2012Chords\Guitar_Only\em\em99.wav,em,7
jim2012Chords\Guitar_Only\f\f1.wav,f,8
jim2012Chords\Guitar_Only\f\f10.wav,f,8
jim2012Chords\Guitar_Only\f\f100.wav,f,8
jim2012Chords\Guitar_Only\f\f101.wav,f,8
jim2012Chords\Guitar_Only\f\f102.wav,f,8
jim2012Chords\Guitar_Only\f\f103.wav,f,8
jim2012Chords\Guitar_Only\f\f104.wav,f,8
jim2012Chords\Guitar_Only\f\f105.wav,f,8
jim2012Chords\Guitar_Only\f\f106.wav,f,8
jim2012Chords\Guitar_Only\f\f107.wav,f,8
jim2012Chords\Guitar_Only\f\f108.wav,f,8
jim2012Chords\Guitar_Only\f\f109.wav,f,8
jim2012Chords\Guitar_Only\f\f11.wav,f,8
jim2012Chords\Guitar_Only\f\f110.wav,f,8
jim2012Chords\Guitar_Only\f\f111.wav,f,8
jim2012Chords\Guitar_Only\f\f112.wav,f,8
jim2012Chords\Guitar_Only\f\f113.wav,f,8
jim2012Chords\Guitar_Only\f\f114.wav,f,8
jim2012Chords\Guitar_Only\f\f115.wav,f,8
jim2012Chords\Guitar_Only\f\f116.wav,f,8
jim2012Chords\Guitar_Only\f\f117.wav,f,8
jim2012Chords\Guitar_Only\f\f118.wav,f,8
jim2012Chords\Guitar_Only\f\f119.wav,f,8
jim2012Chords\Guitar_Only\f\f12.wav,f,8
jim2012Chords\Guitar_Only\f\f120.wav,f,8
jim2012Chords\Guitar_Only\f\f121.wav,f,8
jim2012Chords\Guitar_Only\f\f122.wav,f,8
jim2012Chords\Guitar_Only\f\f123.wav,f,8
jim2012Chords\Guitar_Only\f\f124.wav,f,8
jim2012Chords\Guitar_Only\f\f125.wav,f,8
jim2012Chords\Guitar_Only\f\f126.wav,f,8
jim2012Chords\Guitar_Only\f\f127.wav,f,8
jim2012Chords\Guitar_Only\f\f128.wav,f,8
jim2012Chords\Guitar_Only\f\f129.wav,f,8
jim2012Chords\Guitar_Only\f\f13.wav,f,8
jim2012Chords\Guitar_Only\f\f130.wav,f,8
jim2012Chords\Guitar_Only\f\f131.wav,f,8
jim2012Chords\Guitar_Only\f\f132.wav,f,8
jim2012Chords\Guitar_Only\f\f133.wav,f,8
jim2012Chords\Guitar_Only\f\f134.wav,f,8
jim2012Chords\Guitar_Only\f\f135.wav,f,8
jim2012Chords\Guitar_Only\f\f136.wav,f,8
jim2012Chords\Guitar_Only\f\f137.wav,f,8
jim2012Chords\Guitar_Only\f\f138.wav,f,8
jim2012Chords\Guitar_Only\f\f139.wav,f,8
jim2012Chords\Guitar_Only\f\f14.wav,f,8
jim2012Chords\Guitar_Only\f\f140.wav,f,8
jim2012Chords\Guitar_Only\f\f141.wav,f,8
jim2012Chords\Guitar_Only\f\f142.wav,f,8
jim2012Chords\Guitar_Only\f\f143.wav,f,8
jim2012Chords\Guitar_Only\f\f144.wav,f,8
jim2012Chords\Guitar_Only\f\f145.wav,f,8
jim2012Chords\Guitar_Only\f\f146.wav,f,8
jim2012Chords\Guitar_Only\f\f147.wav,f,8
jim2012Chords\Guitar_Only\f\f148.wav,f,8
jim2012Chords\Guitar_Only\f\f149.wav,f,8
jim2012Chords\Guitar_Only\f\f15.wav,f,8
jim2012Chords\Guitar_Only\f\f150.wav,f,8
jim2012Chords\Guitar_Only\f\f151.wav,f,8
jim2012Chords\Guitar_Only\f\f152.wav,f,8
jim2012Chords\Guitar_Only\f\f153.wav,f,8
jim2012Chords\Guitar_Only\f\f154.wav,f,8
jim2012Chords\Guitar_Only\f\f155.wav,f,8
jim2012Chords\Guitar_Only\f\f156.wav,f,8
jim2012Chords\Guitar_Only\f\f157.wav,f,8
jim2012Chords\Guitar_Only\f\f158.wav,f,8
jim2012Chords\Guitar_Only\f\f159.wav,f,8
jim2012Chords\Guitar_Only\f\f16.wav,f,8
jim2012Chords\Guitar_Only\f\f160.wav,f,8
jim2012Chords\Guitar_Only\f\f161.wav,f,8
jim2012Chords\Guitar_Only\f\f162.wav,f,8
jim2012Chords\Guitar_Only\f\f163.wav,f,8
jim2012Chords\Guitar_Only\f\f164.wav,f,8
jim2012Chords\Guitar_Only\f\f165.wav,f,8
jim2012Chords\Guitar_Only\f\f166.wav,f,8
jim2012Chords\Guitar_Only\f\f167.wav,f,8
jim2012Chords\Guitar_Only\f\f168.wav,f,8
jim2012Chords\Guitar_Only\f\f169.wav,f,8
jim2012Chords\Guitar_Only\f\f17.wav,f,8
jim2012Chords\Guitar_Only\f\f170.wav,f,8
jim2012Chords\Guitar_Only\f\f171.wav,f,8
jim2012Chords\Guitar_Only\f\f172.wav,f,8
jim2012Chords\Guitar_Only\f\f173.wav,f,8
jim2012Chords\Guitar_Only\f\f174.wav,f,8
jim2012Chords\Guitar_Only\f\f175.wav,f,8
jim2012Chords\Guitar_Only\f\f176.wav,f,8
jim2012Chords\Guitar_Only\f\f177.wav,f,8
jim2012Chords\Guitar_Only\f\f178.wav,f,8
jim2012Chords\Guitar_Only\f\f179.wav,f,8
jim2012Chords\Guitar_Only\f\f18.wav,f,8
jim2012Chords\Guitar_Only\f\f180.wav,f,8
jim2012Chords\Guitar_Only\f\f181.wav,f,8
jim2012Chords\Guitar_Only\f\f182.wav,f,8
jim2012Chords\Guitar_Only\f\f183.wav,f,8
jim2012Chords\Guitar_Only\f\f184.wav,f,8
jim2012Chords\Guitar_Only\f\f185.wav,f,8
jim2012Chords\Guitar_Only\f\f186.wav,f,8
jim2012Chords\Guitar_Only\f\f187.wav,f,8
jim2012Chords\Guitar_Only\f\f188.wav,f,8
jim2012Chords\Guitar_Only\f\f189.wav,f,8
jim2012Chords\Guitar_Only\f\f19.wav,f,8
jim2012Chords\Guitar_Only\f\f190.wav,f,8
jim2012Chords\Guitar_Only\f\f191.wav,f,8
jim2012Chords\Guitar_Only\f\f192.wav,f,8
jim2012Chords\Guitar_Only\f\f193.wav,f,8
jim2012Chords\Guitar_Only\f\f194.wav,f,8
jim2012Chords\Guitar_Only\f\f195.wav,f,8
jim2012Chords\Guitar_Only\f\f196.wav,f,8
jim2012Chords\Guitar_Only\f\f197.wav,f,8
jim2012Chords\Guitar_Only\f\f198.wav,f,8
jim2012Chords\Guitar_Only\f\f199.wav,f,8
jim2012Chords\Guitar_Only\f\f2.wav,f,8
jim2012Chords\Guitar_Only\f\f20.wav,f,8
jim2012Chords\Guitar_Only\f\f200.wav,f,8
jim2012Chords\Guitar_Only\f\f21.wav,f,8
jim2012Chords\Guitar_Only\f\f22.wav,f,8
jim2012Chords\Guitar_Only\f\f23.wav,f,8
jim2012Chords\Guitar_Only\f\f24.wav,f,8
jim2012Chords\Guitar_Only\f\f25.wav,f,8
jim2012Chords\Guitar_Only\f\f26.wav,f,8
jim2012Chords\Guitar_Only\f\f27.wav,f,8
jim2012Chords\Guitar_Only\f\f28.wav,f,8
jim2012Chords\Guitar_Only\f\f29.wav,f,8
jim2012Chords\Guitar_Only\f\f3.wav,f,8
jim2012Chords\Guitar_Only\f\f30.wav,f,8
jim2012Chords\Guitar_Only\f\f31.wav,f,8
jim2012Chords\Guitar_Only\f\f32.wav,f,8
jim2012Chords\Guitar_Only\f\f33.wav,f,8
jim2012Chords\Guitar_Only\f\f34.wav,f,8
jim2012Chords\Guitar_Only\f\f35.wav,f,8
jim2012Chords\Guitar_Only\f\f36.wav,f,8
jim2012Chords\Guitar_Only\f\f37.wav,f,8
jim2012Chords\Guitar_Only\f\f38.wav,f,8
jim2012Chords\Guitar_Only\f\f39.wav,f,8
jim2012Chords\Guitar_Only\f\f4.wav,f,8
jim2012Chords\Guitar_Only\f\f40.wav,f,8
jim2012Chords\Guitar_Only\f\f41.wav,f,8
jim2012Chords\Guitar_Only\f\f42.wav,f,8
jim2012Chords\Guitar_Only\f\f43.wav,f,8
jim2012Chords\Guitar_Only\f\f44.wav,f,8
jim2012Chords\Guitar_Only\f\f45.wav,f,8
jim2012Chords\Guitar_Only\f\f46.wav,f,8
jim2012Chords\Guitar_Only\f\f47.wav,f,8
jim2012Chords\Guitar_Only\f\f48.wav,f,8
jim2012Chords\Guitar_Only\f\f49.wav,f,8
jim2012Chords\Guitar_Only\f\f5.wav,f,8
jim2012Chords\Guitar_Only\f\f50.wav,f,8
jim2012Chords\Guitar_Only\f\f51.wav,f,8
jim2012Chords\Guitar_Only\f\f52.wav,f,8
jim2012Chords\Guitar_Only\f\f53.wav,f,8
jim2012Chords\Guitar_Only\f\f54.wav,f,8
jim2012Chords\Guitar_Only\f\f55.wav,f,8
jim2012Chords\Guitar_Only\f\f56.wav,f,8
jim2012Chords\Guitar_Only\f\f57.wav,f,8
jim2012Chords\Guitar_Only\f\f58.wav,f,8
jim2012Chords\Guitar_Only\f\f59.wav,f,8
jim2012Chords\Guitar_Only\f\f6.wav,f,8
jim2012Chords\Guitar_Only\f\f60.wav,f,8
jim2012Chords\Guitar_Only\f\f61.wav,f,8
jim2012Chords\Guitar_Only\f\f62.wav,f,8
jim2012Chords\Guitar_Only\f\f63.wav,f,8
jim2012Chords\Guitar_Only\f\f64.wav,f,8
jim2012Chords\Guitar_Only\f\f65.wav,f,8
jim2012Chords\Guitar_Only\f\f66.wav,f,8
jim2012Chords\Guitar_Only\f\f67.wav,f,8
jim2012Chords\Guitar_Only\f\f68.wav,f,8
jim2012Chords\Guitar_Only\f\f69.wav,f,8
jim2012Chords\Guitar_Only\f\f7.wav,f,8
jim2012Chords\Guitar_Only\f\f70.wav,f,8
jim2012Chords\Guitar_Only\f\f71.wav,f,8
jim2012Chords\Guitar_Only\f\f72.wav,f,8
jim2012Chords\Guitar_Only\f\f73.wav,f,8
jim2012Chords\Guitar_Only\f\f74.wav,f,8
jim2012Chords\Guitar_Only\f\f75.wav,f,8
jim2012Chords\Guitar_Only\f\f76.wav,f,8
jim2012Chords\Guitar_Only\f\f77.wav,f,8
jim2012Chords\Guitar_Only\f\f78.wav,f,8
jim2012Chords\Guitar_Only\f\f79.wav,f,8
jim2012Chords\Guitar_Only\f\f8.wav,f,8
jim2012Chords\Guitar_Only\f\f80.wav,f,8
jim2012Chords\Guitar_Only\f\f81.wav,f,8
jim2012Chords\Guitar_Only\f\f82.wav,f,8
jim2012Chords\Guitar_Only\f\f83.wav,f,8
jim2012Chords\Guitar_Only\f\f84.wav,f,8
jim2012Chords\Guitar_Only\f\f85.wav,f,8
jim2012Chords\Guitar_Only\f\f86.wav,f,8
jim2012Chords\Guitar_Only\f\f87.wav,f,8
jim2012Chords\Guitar_Only\f\f88.wav,f,8
jim2012Chords\Guitar_Only\f\f89.wav,f,8
jim2012Chords\Guitar_Only\f\f9.wav,f,8
jim2012Chords\Guitar_Only\f\f90.wav,f,8
jim2012Chords\Guitar_Only\f\f91.wav,f,8
jim2012Chords\Guitar_Only\f\f92.wav,f,8
jim2012Chords\Guitar_Only\f\f93.wav,f,8
jim2012Chords\Guitar_Only\f\f94.wav,f,8
jim2012Chords\Guitar_Only\f\f95.wav,f,8
jim2012Chords\Guitar_Only\f\f96.wav,f,8
jim2012Chords\Guitar_Only\f\f97.wav,f,8
jim2012Chords\Guitar_Only\f\f98.wav,f,8
jim2012Chords\Guitar_Only\f\f99.wav,f,8
jim2012Chords\Guitar_Only\g\g1.wav,g,9
jim2012Chords\Guitar_Only\g\g10.wav,g,9
jim2012Chords\Guitar_Only\g\g100.wav,g,9
jim2012Chords\Guitar_Only\g\g101.wav,g,9
jim2012Chords\Guitar_Only\g\g102.wav,g,9
jim2012Chords\Guitar_Only\g\g103.wav,g,9
jim2012Chords\Guitar_Only\g\g104.wav,g,9
jim2012Chords\Guitar_Only\g\g105.wav,g,9
jim2012Chords\Guitar_Only\g\g106.wav,g,9
jim2012Chords\Guitar_Only\g\g107.wav,g,9
jim2012Chords\Guitar_Only\g\g108.wav,g,9
jim2012Chords\Guitar_Only\g\g109.wav,g,9
jim2012Chords\Guitar_Only\g\g11.wav,g,9
jim2012Chords\Guitar_Only\g\g110.wav,g,9
jim2012Chords\Guitar_Only\g\g111.wav,g,9
jim2012Chords\Guitar_Only\g\g112.wav,g,9
jim2012Chords\Guitar_Only\g\g113.wav,g,9
jim2012Chords\Guitar_Only\g\g114.wav,g,9
jim2012Chords\Guitar_Only\g\g115.wav,g,9
jim2012Chords\Guitar_Only\g\g116.wav,g,9
jim2012Chords\Guitar_Only\g\g117.wav,g,9
jim2012Chords\Guitar_Only\g\g118.wav,g,9
jim2012Chords\Guitar_Only\g\g119.wav,g,9
jim2012Chords\Guitar_Only\g\g12.wav,g,9
jim2012Chords\Guitar_Only\g\g120.wav,g,9
jim2012Chords\Guitar_Only\g\g121.wav,g,9
jim2012Chords\Guitar_Only\g\g122.wav,g,9
jim2012Chords\Guitar_Only\g\g123.wav,g,9
jim2012Chords\Guitar_Only\g\g124.wav,g,9
jim2012Chords\Guitar_Only\g\g125.wav,g,9
jim2012Chords\Guitar_Only\g\g126.wav,g,9
jim2012Chords\Guitar_Only\g\g127.wav,g,9
jim2012Chords\Guitar_Only\g\g128.wav,g,9
jim2012Chords\Guitar_Only\g\g129.wav,g,9
jim2012Chords\Guitar_Only\g\g13.wav,g,9
jim2012Chords\Guitar_Only\g\g130.wav,g,9
jim2012Chords\Guitar_Only\g\g131.wav,g,9
jim2012Chords\Guitar_Only\g\g132.wav,g,9
jim2012Chords\Guitar_Only\g\g133.wav,g,9
jim2012Chords\Guitar_Only\g\g134.wav,g,9
jim2012Chords\Guitar_Only\g\g135.wav,g,9
jim2012Chords\Guitar_Only\g\g136.wav,g,9
jim2012Chords\Guitar_Only\g\g137.wav,g,9
jim2012Chords\Guitar_Only\g\g138.wav,g,9
jim2012Chords\Guitar_Only\g\g139.wav,g,9
jim2012Chords\Guitar_Only\g\g14.wav,g,9
jim2012Chords\Guitar_Only\g\g140.wav,g,9
jim2012Chords\Guitar_Only\g\g141.wav,g,9
jim2012Chords\Guitar_Only\g\g142.wav,g,9
jim2012Chords\Guitar_Only\g\g143.wav,g,9
jim2012Chords\Guitar_Only\g\g144.wav,g,9
jim2012Chords\Guitar_Only\g\g145.wav,g,9
jim2012Chords\Guitar_Only\g\g146.wav,g,9
jim2012Chords\Guitar_Only\g\g147.wav,g,9
jim2012Chords\Guitar_Only\g\g148.wav,g,9
jim2012Chords\Guitar_Only\g\g149.wav,g,9
jim2012Chords\Guitar_Only\g\g15.wav,g,9
jim2012Chords\Guitar_Only\g\g150.wav,g,9
jim2012Chords\Guitar_Only\g\g151.wav,g,9
jim2012Chords\Guitar_Only\g\g152.wav,g,9
jim2012Chords\Guitar_Only\g\g153.wav,g,9
jim2012Chords\Guitar_Only\g\g154.wav,g,9
jim2012Chords\Guitar_Only\g\g155.wav,g,9
jim2012Chords\Guitar_Only\g\g156.wav,g,9
jim2012Chords\Guitar_Only\g\g157.wav,g,9
jim2012Chords\Guitar_Only\g\g158.wav,g,9
jim2012Chords\Guitar_Only\g\g159.wav,g,9
jim2012Chords\Guitar_Only\g\g16.wav,g,9
jim2012Chords\Guitar_Only\g\g160.wav,g,9
jim2012Chords\Guitar_Only\g\g161.wav,g,9
jim2012Chords\Guitar_Only\g\g162.wav,g,9
jim2012Chords\Guitar_Only\g\g163.wav,g,9
jim2012Chords\Guitar_Only\g\g164.wav,g,9
jim2012Chords\Guitar_Only\g\g165.wav,g,9
jim2012Chords\Guitar_Only\g\g166.wav,g,9
jim2012Chords\Guitar_Only\g\g167.wav,g,9
jim2012Chords\Guitar_Only\g\g168.wav,g,9
jim2012Chords\Guitar_Only\g\g169.wav,g,9
jim2012Chords\Guitar_Only\g\g17.wav,g,9
jim2012Chords\Guitar_Only\g\g170.wav,g,9
jim2012Chords\Guitar_Only\g\g171.wav,g,9
jim2012Chords\Guitar_Only\g\g172.wav,g,9
jim2012Chords\Guitar_Only\g\g173.wav,g,9
jim2012Chords\Guitar_Only\g\g174.wav,g,9
jim2012Chords\Guitar_Only\g\g175.wav,g,9
jim2012Chords\Guitar_Only\g\g176.wav,g,9
jim2012Chords\Guitar_Only\g\g177.wav,g,9
jim2012Chords\Guitar_Only\g\g178.wav,g,9
jim2012Chords\Guitar_Only\g\g179.wav,g,9
jim2012Chords\Guitar_Only\g\g18.wav,g,9
jim2012Chords\Guitar_Only\g\g180.wav,g,9
jim2012Chords\Guitar_Only\g\g181.wav,g,9
jim2012Chords\Guitar_Only\g\g182.wav,g,9
jim2012Chords\Guitar_Only\g\g183.wav,g,9
jim2012Chords\Guitar_Only\g\g184.wav,g,9
jim2012Chords\Guitar_Only\g\g185.wav,g,9
jim2012Chords\Guitar_Only\g\g186.wav,g,9
jim2012Chords\Guitar_Only\g\g187.wav,g,9
jim2012Chords\Guitar_Only\g\g188.wav,g,9
jim2012Chords\Guitar_Only\g\g189.wav,g,9
jim2012Chords\Guitar_Only\g\g19.wav,g,9
jim2012Chords\Guitar_Only\g\g190.wav,g,9
jim2012Chords\Guitar_Only\g\g191.wav,g,9
jim2012Chords\Guitar_Only\g\g192.wav,g,9
jim2012Chords\Guitar_Only\g\g193.wav,g,9
jim2012Chords\Guitar_Only\g\g194.wav,g,9
jim2012Chords\Guitar_Only\g\g195.wav,g,9
jim2012Chords\Guitar_Only\g\g196.wav,g,9
jim2012Chords\Guitar_Only\g\g197.wav,g,9
jim2012Chords\Guitar_Only\g\g198.wav,g,9
jim2012Chords\Guitar_Only\g\g199.wav,g,9
jim2012Chords\Guitar_Only\g\g2.wav,g,9
jim2012Chords\Guitar_Only\g\g20.wav,g,9
jim2012Chords\Guitar_Only\g\g200.wav,g,9
jim2012Chords\Guitar_Only\g\g21.wav,g,9
jim2012Chords\Guitar_Only\g\g22.wav,g,9
jim2012Chords\Guitar_Only\g\g23.wav,g,9
jim2012Chords\Guitar_Only\g\g24.wav,g,9
jim2012Chords\Guitar_Only\g\g25.wav,g,9
jim2012Chords\Guitar_Only\g\g26.wav,g,9
jim2012Chords\Guitar_Only\g\g27.wav,g,9
jim2012Chords\Guitar_Only\g\g28.wav,g,9
jim2012Chords\Guitar_Only\g\g29.wav,g,9
jim2012Chords\Guitar_Only\g\g3.wav,g,9
jim2012Chords\Guitar_Only\g\g30.wav,g,9
jim2012Chords\Guitar_Only\g\g31.wav,g,9
jim2012Chords\Guitar_Only\g\g32.wav,g,9
jim2012Chords\Guitar_Only\g\g33.wav,g,9
jim2012Chords\Guitar_Only\g\g34.wav,g,9
jim2012Chords\Guitar_Only\g\g35.wav,g,9
jim2012Chords\Guitar_Only\g\g36.wav,g,9
jim2012Chords\Guitar_Only\g\g37.wav,g,9
jim2012Chords\Guitar_Only\g\g38.wav,g,9
jim2012Chords\Guitar_Only\g\g39.wav,g,9
jim2012Chords\Guitar_Only\g\g4.wav,g,9
jim2012Chords\Guitar_Only\g\g40.wav,g,9
jim2012Chords\Guitar_Only\g\g41.wav,g,9
jim2012Chords\Guitar_Only\g\g42.wav,g,9
jim2012Chords\Guitar_Only\g\g43.wav,g,9
jim2012Chords\Guitar_Only\g\g44.wav,g,9
jim2012Chords\Guitar_Only\g\g45.wav,g,9
jim2012Chords\Guitar_Only\g\g46.wav,g,9
jim2012Chords\Guitar_Only\g\g47.wav,g,9
jim2012Chords\Guitar_Only\g\g48.wav,g,9
jim2012Chords\Guitar_Only\g\g49.wav,g,9
jim2012Chords\Guitar_Only\g\g5.wav,g,9
jim2012Chords\Guitar_Only\g\g50.wav,g,9
jim2012Chords\Guitar_Only\g\g51.wav,g,9
jim2012Chords\Guitar_Only\g\g52.wav,g,9
jim2012Chords\Guitar_Only\g\g53.wav,g,9
jim2012Chords\Guitar_Only\g\g54.wav,g,9
jim2012Chords\Guitar_Only\g\g55.wav,g,9
jim2012Chords\Guitar_Only\g\g56.wav,g,9
jim2012Chords\Guitar_Only\g\g57.wav,g,9
jim2012Chords\Guitar_Only\g\g58.wav,g,9
jim2012Chords\Guitar_Only\g\g59.wav,g,9
jim2012Chords\Guitar_Only\g\g6.wav,g,9
jim2012Chords\Guitar_Only\g\g60.wav,g,9
jim2012Chords\Guitar_Only\g\g61.wav,g,9
jim2012Chords\Guitar_Only\g\g62.wav,g,9
jim2012Chords\Guitar_Only\g\g63.wav,g,9
jim2012Chords\Guitar_Only\g\g64.wav,g,9
jim2012Chords\Guitar_Only\g\g65.wav,g,9
jim2012Chords\Guitar_Only\g\g66.wav,g,9
jim2012Chords\Guitar_Only\g\g67.wav,g,9
jim2012Chords\Guitar_Only\g\g68.wav,g,9
jim2012Chords\Guitar_Only\g\g69.wav,g,9
jim2012Chords\Guitar_Only\g\g7.wav,g,9
jim2012Chords\Guitar_Only\g\g70.wav,g,9
jim2012Chords\Guitar_Only\g\g71.wav,g,9
jim2012Chords\Guitar_Only\g\g72.wav,g,9
jim2012Chords\Guitar_Only\g\g73.wav,g,9
jim2012Chords\Guitar_Only\g\g74.wav,g,9
jim2012Chords\Guitar_Only\g\g75.wav,g,9
jim2012Chords\Guitar_Only\g\g76.wav,g,9
jim2012Chords\Guitar_Only\g\g77.wav,g,9
jim2012Chords\Guitar_Only\g\g78.wav,g,9
jim2012Chords\Guitar_Only\g\g79.wav,g,9
jim2012Chords\Guitar_Only\g\g8.wav,g,9
jim2012Chords\Guitar_Only\g\g80.wav,g,9
jim2012Chords\Guitar_Only\g\g81.wav,g,9
jim2012Chords\Guitar_Only\g\g82.wav,g,9
jim2012Chords\Guitar_Only\g\g83.wav,g,9
jim2012Chords\Guitar_Only\g\g84.wav,g,9
jim2012Chords\Guitar_Only\g\g85.wav,g,9
jim2012Chords\Guitar_Only\g\g86.wav,g,9
jim2012Chords\Guitar_Only\g\g87.wav,g,9
jim2012Chords\Guitar_Only\g\g88.wav,g,9
jim2012Chords\Guitar_Only\g\g89.wav,g,9
jim2012Chords\Guitar_Only\g\g9.wav,g,9
jim2012Chords\Guitar_Only\g\g90.wav,g,9
jim2012Chords\Guitar_Only\g\g91.wav,g,9
jim2012Chords\Guitar_Only\g\g92.wav,g,9
jim2012Chords\Guitar_Only\g\g93.wav,g,9
jim2012Chords\Guitar_Only\g\g94.wav,g,9
jim2012Chords\Guitar_Only\g\g95.wav,g,9
jim2012Chords\Guitar_Only\g\g96.wav,g,9
jim2012Chords\Guitar_Only\g\g97.wav,g,9
jim2012Chords\Guitar_Only\g\g98.wav,g,9
jim2012Chords\Guitar_Only\g\g99.wav,g,9
